,F,TSLA,GOOG,IBM,AAPL
2014-01-02,12.089,150.1,,157.6001,72.7741
2014-01-03,12.1438,149.56,,158.543,71.1756
2014-01-06,12.1986,147.0,,157.9993,71.5637
2014-01-07,12.042,149.36,,161.1508,71.0516
2014-01-08,12.1673,151.28,,159.6728,71.5019
2014-01-09,12.4022,147.53,,159.1716,70.5887
2014-01-10,12.5822,145.7199,,159.0696,70.1178
2014-01-13,12.6136,139.34,,156.4363,70.4849
2014-01-14,12.8406,161.27,,157.9314,71.8874
2014-01-15,13.0755,164.13,,159.4774,73.3307
2014-01-16,13.099,170.97,,160.3438,72.9215
2014-01-17,12.9346,170.01,,161.4736,71.1348
2014-01-21,12.8484,176.68,,160.0635,72.24
2014-01-22,12.9581,178.56,,154.8139,72.561
2014-01-23,12.8641,181.5,,155.2216,73.1754
2014-01-24,12.3943,174.6,,152.5968,71.8453
2014-01-27,12.3004,169.62,,151.1187,72.4281
2014-01-28,12.3082,178.38,,150.2268,66.6391
2014-01-29,12.0438,175.23,,149.8445,65.8826
2014-01-30,12.0359,182.84,,150.66,65.7553
2014-01-31,11.807,181.41,,150.0824,65.8629
2014-02-03,11.4834,177.11,,146.8714,65.9852
2014-02-04,11.736,178.73,,146.8204,66.9404
2014-02-05,11.6255,174.42,,148.0097,67.4404
2014-02-06,11.7202,178.38,,149.1883,67.8335
2014-02-07,11.8149,186.53,,151.3919,68.7825
2014-02-10,11.7123,196.56,,151.298,70.0147
2014-02-11,11.807,196.62,,153.4845,70.9372
2014-02-12,11.8386,195.32,,153.9457,70.9319
2014-02-13,11.9017,199.63,,155.3123,72.0583
2014-02-14,12.028,198.23,,156.8924,72.0
2014-02-18,12.1464,203.7,,156.4654,72.2647
2014-02-19,12.0359,193.64,,156.2604,71.1238
2014-02-20,12.0517,209.97,,157.3793,70.3006
2014-02-21,11.9649,209.6,,156.1237,69.5197
2014-02-24,11.9807,217.65,,156.6875,69.8241
2014-02-25,11.957,248.0,,156.4996,69.0975
2014-02-26,12.0438,253.0,,157.2085,68.4741
2014-02-27,12.1464,252.54,,158.2419,69.84
2014-02-28,12.1464,244.81,,158.1565,69.6507
2014-03-03,11.9965,250.56,,157.3793,69.8519
2014-03-04,12.1306,254.84,,159.2413,70.3125
2014-03-05,12.3358,252.66,,159.8391,70.4607
2014-03-06,12.3674,252.94,,160.2662,70.2476
2014-03-07,12.3279,246.21,,160.3004,70.2066
2014-03-10,12.2411,238.84,,159.1986,70.2701
2014-03-11,12.0754,234.41,,159.5146,70.9544
2014-03-12,12.1543,241.49,,159.0534,71.0232
2014-03-13,11.9807,237.79,,157.0718,70.2344
2014-03-14,11.9017,230.97,,155.6284,69.4456
2014-03-17,12.0596,233.98,,158.7032,69.7169
2014-03-18,12.2253,240.04,,159.5573,70.3337
2014-03-19,12.2174,235.84,,157.7636,70.3151
2014-03-20,12.2727,234.91,,160.4883,69.9763
2014-03-21,12.2095,228.89,,159.4377,70.5282
2014-03-24,12.1464,220.17,,160.7872,71.3647
2014-03-25,12.0991,220.44,,166.5867,72.1324
2014-03-26,12.0359,212.96,,164.5197,71.4428
2014-03-27,12.0359,207.32,558.46,162.1367,71.1357
2014-03-28,12.1938,212.37,559.99,162.6663,71.0563
2014-03-31,12.3121,208.45,556.97,164.4087,71.0404
2014-04-01,12.8804,216.97,567.16,166.1254,71.6903
2014-04-02,12.9909,230.29,567.0,165.314,71.8094
2014-04-03,12.9356,225.4,569.74,164.5795,71.3118
2014-04-04,12.7304,212.225,543.14,163.7937,70.3893
2014-04-07,12.5805,207.52,538.15,166.1425,69.2841
2014-04-08,12.7068,215.46,554.9,165.092,69.2801
2014-04-09,12.5016,216.93,564.14,167.9532,70.1907
2014-04-10,12.3358,204.19,540.95,167.1333,69.2854
2014-04-11,12.3358,203.78,530.6,166.7148,68.7732
2014-04-14,12.3911,198.09,532.52,168.9184,69.0472
2014-04-15,12.5016,193.91,536.44,168.2778,68.5548
2014-04-16,12.6831,199.11,556.54,167.7483,68.6938
2014-04-17,12.6278,198.12,536.1,162.2905,69.4786
2014-04-21,12.6121,204.38,528.62,164.2208,70.3032
2014-04-22,12.7068,218.64,534.81,164.1183,70.3732
2014-04-23,12.8094,207.99,526.94,163.7595,69.4535
2014-04-24,12.8804,207.86,525.16,162.4698,75.1474
2014-04-25,12.4542,199.85,516.18,161.9659,75.6994
2014-04-28,12.6042,198.51,517.15,164.9638,78.631
2014-04-29,12.7226,206.92,527.7,166.6464,78.3981
2014-04-30,12.8458,207.89,526.66,167.808,78.1016
2014-05-01,12.6549,207.73,531.35,165.2969,78.2856
2014-05-02,12.647,210.91,527.93,163.5118,78.4312
2014-05-05,12.5197,216.61,527.81,163.3581,79.5403
2014-05-06,12.3765,207.28,515.14,162.3075,78.6734
2014-05-07,12.297,201.35,509.96,162.6255,78.3981
2014-05-08,12.5754,178.59,511.0,162.2904,77.8854
2014-05-09,12.5436,182.26,518.73,163.2956,77.5612
2014-05-12,12.5993,184.67,529.92,165.4347,78.5265
2014-05-13,12.6152,190.16,533.09,165.1082,78.6497
2014-05-14,12.5277,190.62,526.65,162.1272,78.6643
2014-05-15,12.4799,188.59,519.98,160.1857,77.9954
2014-05-16,12.5356,191.56,520.63,160.7011,79.1464
2014-05-19,12.6629,196.09,528.86,160.6496,80.0843
2014-05-20,12.5436,195.3,529.77,158.8369,80.1002
2014-05-21,12.6549,199.45,538.94,160.1255,80.3121
2014-05-22,12.6549,204.88,545.06,159.5156,80.4393
2014-05-23,12.7424,207.3,552.7,159.7389,81.3479
2014-05-27,12.8538,211.56,565.95,158.7424,82.8712
2014-05-28,12.9731,210.24,561.68,157.2819,82.6566
2014-05-29,13.156,210.24,560.08,157.8661,84.1627
2014-05-30,13.0765,207.77,559.89,158.3816,83.8475
2014-06-02,13.0765,204.7,553.93,159.5242,83.2713
2014-06-03,13.164,204.94,544.94,158.3902,84.4488
2014-06-04,13.3549,203.99,544.66,158.5104,85.4131
2014-06-05,13.2674,206.9,553.9,159.7733,85.7483
2014-06-06,13.5856,208.171,556.33,160.1083,85.5125
2014-06-09,13.5219,205.31,562.12,159.9795,86.8808
2014-06-10,13.5299,202.3,560.55,158.3214,87.3908
2014-06-11,13.4424,204.47,558.84,156.5689,87.0292
2014-06-12,13.1401,203.52,551.35,155.684,85.5735
2014-06-13,13.172,206.42,551.76,156.8352,84.637
2014-06-16,13.2276,224.61,544.28,156.6548,85.49
2014-06-17,13.3549,231.67,543.01,156.5775,85.3787
2014-06-18,13.3867,227.12,553.37,157.7287,85.4715
2014-06-19,13.3469,227.79,554.9,157.0586,85.1747
2014-06-20,13.2594,229.59,556.36,155.9675,84.2939
2014-06-23,13.4265,237.22,564.95,156.4744,84.2197
2014-06-24,13.4981,232.5,564.62,155.3919,83.7097
2014-06-25,13.681,236.891,578.65,155.2545,83.7839
2014-06-26,13.681,235.6,576.0,154.9538,84.2846
2014-06-27,13.7446,239.06,577.24,156.105,85.286
2014-06-30,13.7128,240.06,575.28,155.727,86.1669
2014-07-01,13.689,239.72,582.67,160.0912,86.7139
2014-07-02,13.6969,229.425,582.335,161.8437,86.6768
2014-07-03,13.7765,229.25,584.73,161.964,87.1868
2014-07-07,13.7765,222.66,582.25,161.543,88.9838
2014-07-08,13.6094,219.07,571.09,160.8386,88.4108
2014-07-09,13.864,223.06,576.08,161.8695,88.4478
2014-07-10,13.7606,219.46,571.1,161.2509,88.1187
2014-07-11,13.8958,218.13,579.18,161.5087,88.2902
2014-07-14,13.9594,226.7,584.87,163.1066,89.4307
2014-07-15,13.9515,219.58,584.78,161.9296,88.3829
2014-07-16,14.1583,217.16,582.66,165.2543,87.8822
2014-07-17,14.1105,215.4,573.7299,165.366,86.3151
2014-07-18,14.0946,220.0201,595.08,165.3746,87.5577
2014-07-21,14.0787,220.54,589.47,163.9571,87.1024
2014-07-22,14.1742,219.58,594.74,166.7405,87.8266
2014-07-23,14.1424,222.49,595.98,166.3453,90.1168
2014-07-24,14.1901,223.54,593.35,167.7285,89.9685
2014-07-25,14.0151,223.57,589.02,167.0068,90.5628
2014-07-28,14.031,224.82,590.6,168.1924,91.8137
2014-07-29,13.9753,225.01,585.61,167.1529,91.2202
2014-07-30,13.9873,228.92,587.42,166.6632,91.007
2014-07-31,13.6348,223.3,571.6,164.6615,88.6426
2014-08-01,13.4666,233.27,566.07,162.4966,89.134
2014-08-04,13.6348,238.52,573.15,162.9176,88.6333
2014-08-05,13.5147,238.49,565.07,160.7355,88.1975
2014-08-06,13.6028,248.9301,566.374,160.7095,88.0491
2014-08-07,13.4746,252.39,563.36,159.2664,88.0398
2014-08-08,13.6909,248.13,568.77,161.2799,88.2821
2014-08-11,13.755,259.32,567.88,162.0058,89.4468
2014-08-12,13.787,259.96,562.73,161.8934,89.4282
2014-08-13,13.9553,260.31,574.78,162.4206,90.6116
2014-08-14,13.9633,261.38,574.65,162.3601,90.8539
2014-08-15,13.8672,262.01,573.48,161.928,91.3012
2014-08-18,13.9633,259.94,582.16,163.6391,92.4008
2014-08-19,13.9072,256.76,586.86,164.2526,93.6774
2014-08-20,13.9473,255.71,584.49,164.2785,93.7147
2014-08-21,13.9393,254.34,583.37,165.255,93.724
2014-08-22,13.755,256.78,582.56,164.5464,94.4135
2014-08-25,13.8031,262.55,580.2,165.1946,94.6185
2014-08-26,13.771,261.74,577.86,166.776,94.0119
2014-08-27,13.9072,263.25,571.0,166.1365,95.1683
2014-08-28,13.9553,263.86,569.2,165.9205,95.2801
2014-08-29,13.9473,269.7,571.6,166.1797,95.5131
2014-09-02,14.0995,284.12,577.33,165.5402,96.2586
2014-09-03,13.9953,281.19,577.94,165.8772,92.1958
2014-09-04,13.8351,286.04,581.98,164.7798,91.4317
2014-09-05,13.731,277.39,586.08,165.2291,92.2237
2014-09-08,13.4586,282.11,589.72,164.3131,91.6553
2014-09-09,13.3224,278.48,581.01,164.1835,91.3105
2014-09-10,13.3224,281.1,583.1,165.5229,94.1153
2014-09-11,13.3464,280.31,581.35,165.6785,94.516
2014-09-12,13.2904,279.2,575.62,165.2983,94.7304
2014-09-15,13.1942,253.86,573.1,165.7563,94.7024
2014-09-16,13.2343,260.74,579.95,166.7501,93.9849
2014-09-17,13.2423,261.38,584.77,166.6118,94.6558
2014-09-18,13.2824,263.82,589.27,167.4328,94.8515
2014-09-19,13.3384,259.32,596.08,167.6488,94.0781
2014-09-22,13.1061,250.03,587.37,166.8797,94.1713
2014-09-23,12.9539,250.41,581.13,165.5921,95.6436
2014-09-24,13.1462,252.14,587.99,166.1884,94.8142
2014-09-25,12.9779,246.95,575.06,163.3366,91.1987
2014-09-26,13.0821,246.6,577.1,164.244,93.8824
2014-09-29,12.1047,245.26,576.36,163.881,93.286
2014-09-30,11.8484,242.68,577.36,161.7465,93.8824
2014-10-01,11.6881,240.24,568.27,161.7465,92.4194
2014-10-02,11.6641,251.42,570.08,161.5218,93.0903
2014-10-03,11.6881,255.21,575.28,163.0428,92.8294
2014-10-06,11.6321,260.62,577.35,163.3625,92.8294
2014-10-07,11.2956,259.57,563.74,160.4848,92.0187
2014-10-08,11.3837,259.28,572.5,163.6391,93.929
2014-10-09,11.0873,257.01,560.88,161.0984,94.134
2014-10-10,11.0473,236.91,544.49,160.675,93.8637
2014-10-13,10.847,224.59,533.21,158.5923,93.0065
2014-10-14,11.0393,227.06,537.94,158.8343,92.0187
2014-10-15,10.9111,229.7,530.03,157.0627,90.8912
2014-10-16,11.1995,226.35,524.51,155.4122,89.6984
2014-10-17,11.2315,227.48,511.17,157.322,91.0123
2014-10-20,11.3517,230.47,520.84,146.131,92.9599
2014-10-21,11.4238,235.34,526.54,141.0583,95.4851
2014-10-22,11.3196,231.1,532.71,139.8139,95.9697
2014-10-23,11.5359,235.29,543.98,140.1509,97.6843
2014-10-24,11.0393,235.24,539.78,140.0645,98.0477
2014-10-27,11.0713,221.67,540.77,139.883,97.9452
2014-10-28,11.3437,242.77,548.9,141.3781,99.4641
2014-10-29,11.2426,238.1,549.33,141.2571,100.0232
2014-10-30,11.275,238.66,550.31,142.0262,99.6877
2014-10-31,11.3881,241.7,559.08,142.0694,100.6382
2014-11-03,11.3073,242.59,555.22,142.0348,101.9428
2014-11-04,11.275,238.93,554.11,140.5571,101.1973
2014-11-05,11.2669,230.97,545.92,139.8398,101.4396
2014-11-06,11.469,241.22,542.04,140.4837,101.7296
2014-11-07,11.4528,240.2,541.01,141.0145,102.0198
2014-11-10,11.3154,241.93,547.49,142.25,101.8513
2014-11-11,11.6144,251.08,550.29,142.0847,102.6655
2014-11-12,11.7842,249.1,547.31,140.884,104.1161
2014-11-13,12.0671,251.7,545.38,141.641,105.5854
2014-11-14,12.2368,258.68,544.4,142.833,106.8582
2014-11-17,12.5601,253.98,536.51,142.833,106.6804
2014-11-18,12.5278,257.7,535.03,140.8579,108.0655
2014-11-19,12.4793,247.74,536.99,140.4576,107.3168
2014-11-20,12.4954,248.71,534.83,139.7703,108.8517
2014-11-21,12.4712,242.78,537.5,140.0139,109.0014
2014-11-24,12.6652,246.72,539.27,141.0841,111.0182
2014-11-25,12.6732,248.09,541.08,140.7448,110.0589
2014-11-26,12.6167,248.44,540.37,140.9101,111.3692
2014-11-28,12.7136,244.52,541.83,141.1015,111.3036
2014-12-01,12.746,231.64,533.8,140.5533,107.6912
2014-12-02,12.851,231.43,533.75,141.5365,107.2794
2014-12-03,12.94,229.3,531.32,143.1462,108.496
2014-12-04,12.7783,228.28,537.31,142.7373,108.0842
2014-12-05,12.6894,223.71,525.26,142.0586,107.6257
2014-12-08,12.4712,214.36,526.98,140.8318,105.1924
2014-12-09,12.4712,216.89,533.37,141.815,106.8021
2014-12-10,12.253,209.84,526.06,139.6572,104.7712
2014-12-11,12.3499,208.88,528.34,140.1444,104.4624
2014-12-12,12.1156,207.0,518.66,135.1936,102.6936
2014-12-15,11.5417,204.04,513.8,133.175,101.2851
2014-12-16,11.3881,197.81,495.39,131.7394,99.9
2014-12-17,11.6791,205.82,504.89,132.1918,102.3941
2014-12-18,11.9701,218.26,511.1,137.1948,105.4263
2014-12-19,12.1479,219.29,516.35,137.917,104.6121
2014-12-22,12.3014,222.6,524.87,140.4663,105.6978
2014-12-23,12.3904,220.97,530.59,141.1624,105.3234
2014-12-24,12.3661,222.26,528.77,140.797,104.8274
2014-12-26,12.4873,227.82,534.03,141.2494,106.6804
2014-12-29,12.5439,225.71,530.33,139.6572,106.6056
2014-12-30,12.5278,222.23,530.42,139.2569,105.3047
2014-12-31,12.5278,222.41,526.4,139.5963,103.3019
2015-01-02,12.4146,219.31,524.81,141.0058,102.3192
2015-01-05,11.9297,210.09,513.87,138.7871,99.4367
2015-01-06,11.8165,211.28,501.96,135.794,99.4461
2015-01-07,12.156,210.95,501.1,134.9065,100.8406
2015-01-08,12.4631,210.615,502.68,137.8387,104.7151
2015-01-09,12.2934,206.66,496.17,138.439,104.8274
2015-01-12,12.3014,202.21,492.55,136.1159,102.2444
2015-01-13,12.2934,204.25,496.18,136.4379,103.1522
2015-01-14,12.2125,192.69,500.87,135.5591,102.7591
2015-01-15,12.0105,191.87,501.79,134.4889,99.9702
2015-01-16,12.1398,193.07,508.08,136.725,99.1934
2015-01-20,12.1317,191.93,506.9,136.5597,101.7484
2015-01-21,12.0994,196.57,518.04,132.3311,102.5251
2015-01-22,12.1479,201.62,534.39,135.2023,105.1924
2015-01-23,12.0509,201.29,539.95,135.62,105.7352
2015-01-26,12.1883,206.55,535.21,136.0463,105.8475
2015-01-27,12.0024,205.98,518.63,133.7058,102.1414
2015-01-28,11.8064,199.37,510.0,131.8612,107.9158
2015-01-29,12.1249,205.2,510.66,135.2806,111.2756
2015-01-30,12.0106,203.6,534.52,133.3926,109.6471
2015-02-02,12.4678,210.94,528.48,134.5672,111.0229
2015-02-03,12.7781,218.36,529.24,137.8822,111.0416
2015-02-04,12.9577,218.55,522.76,136.5684,111.8932
2015-02-05,12.9414,220.99,527.58,137.3949,112.6919
2015-02-06,12.9495,217.36,531.0,137.3161,111.7429
2015-02-09,12.9985,217.48,527.83,136.4662,112.4852
2015-02-10,13.1373,216.29,536.94,138.9283,114.6462
2015-02-11,13.268,212.8,535.97,138.6128,117.3333
2015-02-12,13.3578,202.88,542.93,138.8932,118.8179
2015-02-13,13.3088,203.77,549.01,140.5405,119.4004
2015-02-17,13.1536,204.35,542.84,141.0311,120.1051
2015-02-18,13.2353,204.46,539.7,142.1088,120.9366
2015-02-19,13.4149,211.705,542.87,143.5984,120.6876
2015-02-20,13.3904,217.11,538.95,143.3881,121.6694
2015-02-23,13.3741,207.335,531.91,142.7397,124.9626
2015-02-24,13.3578,204.11,536.09,144.422,124.1828
2015-02-25,13.4802,203.76,543.87,142.6521,121.0071
2015-02-26,13.3741,207.19,555.48,140.9523,122.5339
2015-02-27,13.3414,203.34,558.4,141.8898,120.697
2015-03-02,13.5292,197.325,571.34,140.6106,121.2889
2015-03-03,13.2026,199.56,573.64,141.0925,121.5426
2015-03-04,13.0883,202.435,573.37,139.6818,120.7722
2015-03-05,13.1536,200.63,575.33,141.2239,118.7709
2015-03-06,13.0067,193.88,567.685,138.8757,118.9494
2015-03-09,13.0883,190.88,568.85,140.8646,119.4568
2015-03-10,12.8352,190.32,555.01,138.2711,116.9857
2015-03-11,12.8597,193.74,551.18,137.3862,114.8529
2015-03-12,13.2026,191.07,555.51,138.4201,116.9293
2015-03-13,13.2271,188.68,547.32,135.1782,116.1213
2015-03-16,13.4639,195.7,554.51,137.6315,117.3991
2015-03-17,13.3823,194.73,550.84,137.5264,119.3628
2015-03-18,13.4394,200.71,559.5,140.0235,120.7064
2015-03-19,13.3414,195.65,557.99,140.0235,119.7903
2015-03-20,13.4557,198.08,560.36,142.7134,118.2917
2015-03-23,13.5292,199.63,558.81,144.2467,119.5225
2015-03-24,13.5211,201.72,570.19,142.8185,119.034
2015-03-25,13.2108,194.3,558.785,139.489,115.924
2015-03-26,13.072,190.405,555.17,140.7069,116.732
2015-03-27,13.0475,185.0,548.34,140.5405,115.8018
2015-03-30,13.1945,190.57,552.03,142.5294,118.7333
2015-03-31,13.1781,188.77,548.0,140.6281,116.9105
2015-04-01,12.9903,187.59,542.56,139.4715,116.7414
2015-04-02,13.0883,191.0,535.53,140.5843,117.7468
2015-04-06,13.0638,203.1,536.765,141.9774,119.6541
2015-04-07,12.9822,203.25,537.02,142.0037,118.3951
2015-04-08,13.0475,207.67,541.61,141.8109,118.0098
2015-04-09,13.023,210.09,540.78,142.2403,118.9118
2015-04-10,13.0883,210.9,540.01,142.6959,119.4192
2015-04-13,12.9577,209.78,539.17,142.2753,119.1843
2015-04-14,13.0393,207.46,530.39,142.2052,118.6675
2015-04-15,13.121,207.83,532.53,143.8086,119.1185
2015-04-16,13.0148,206.7,533.8,142.9325,118.5454
2015-04-17,12.8679,206.79,524.05,140.777,117.2112
2015-04-20,12.9903,205.27,535.38,145.5873,119.889
2015-04-21,12.9169,209.41,533.97,143.9225,119.2407
2015-04-22,12.9903,219.44,539.365,144.8863,120.8473
2015-04-23,12.8679,218.6,547.0,149.1621,121.8339
2015-04-24,12.876,218.425,565.06,148.7591,122.407
2015-04-27,12.9822,231.55,555.37,149.5915,124.6338
2015-04-28,13.1128,230.48,553.68,152.3865,122.6701
2015-04-29,13.2035,232.45,549.08,152.8071,120.8661
2015-04-30,13.0222,226.05,537.34,150.0821,117.587
2015-05-01,13.0304,226.03,537.9,152.1675,121.1574
2015-05-04,13.0057,230.51,540.78,152.4303,120.9225
2015-05-05,12.7996,232.95,530.8,151.6505,118.1977
2015-05-06,12.7584,230.43,524.22,150.1232,117.4555
2015-05-07,12.7831,236.8,530.7,150.9531,118.182
2015-05-08,12.915,236.61,538.22,152.4451,120.4087
2015-05-11,12.8985,239.49,535.7,151.0679,119.1821
2015-05-12,12.8244,244.74,529.04,150.5647,118.7528
2015-05-13,12.7007,243.18,529.62,152.0919,118.8896
2015-05-14,12.5853,244.1,538.4,153.6545,121.6635
2015-05-15,12.7584,248.84,533.85,152.9571,121.4937
2015-05-18,12.8408,248.75,532.3,152.7805,122.8334
2015-05-19,12.7749,247.14,537.36,153.1513,122.7202
2015-05-20,12.6101,244.35,539.27,153.3985,122.7108
2015-05-21,12.7831,245.62,542.51,153.0277,123.9656
2015-05-22,12.5853,247.73,540.11,152.039,125.0506
2015-05-26,12.5194,247.455,532.32,150.1939,122.2956
2015-05-27,12.6265,247.43,539.79,151.8447,124.5836
2015-05-28,12.6018,251.45,539.78,151.5887,124.3336
2015-05-29,12.5029,250.8,532.11,149.7701,122.9184
2015-06-01,12.6595,249.45,533.99,150.238,123.1589
2015-06-02,12.5771,248.35,539.18,149.7701,122.6164
2015-06-03,12.5276,248.99,540.31,150.0085,122.7674
2015-06-04,12.404,245.92,536.7,148.6489,122.0503
2015-06-05,12.1815,249.14,533.33,147.7838,121.3805
2015-06-08,12.2804,256.29,526.83,145.9652,120.5785
2015-06-09,12.2639,256.0,526.69,146.2653,120.22
2015-06-10,12.3875,250.7,536.69,149.1257,121.5975
2015-06-11,12.5936,251.41,534.61,149.0021,121.3238
2015-06-12,12.5524,250.69,532.33,147.4218,119.9841
2015-06-15,12.404,250.38,527.2,146.7774,119.7482
2015-06-16,12.3628,253.12,528.15,147.2894,120.3898
2015-06-17,12.3793,260.41,529.26,147.5807,120.1067
2015-06-18,12.4782,261.89,536.73,148.5342,120.654
2015-06-19,12.4535,262.51,536.69,147.4218,119.4463
2015-06-22,12.47,259.79,538.19,148.0751,120.3992
2015-06-23,12.6018,267.67,540.48,148.8608,119.852
2015-06-24,12.7749,265.17,537.84,147.4042,120.871
2015-06-25,12.7255,268.79,535.23,146.6185,120.2954
2015-06-26,12.6925,267.09,531.69,146.0711,119.5878
2015-06-29,12.3793,262.02,521.52,143.8729,117.4933
2015-06-30,12.3711,268.26,520.51,143.5992,118.3377
2015-07-01,12.3546,269.15,521.84,145.2148,119.4463
2015-07-02,12.2557,280.02,523.4,145.7445,119.2953
2015-07-06,12.1897,279.72,522.86,145.4267,118.8802
2015-07-07,12.2392,267.88,525.02,145.665,118.5877
2015-07-08,11.8436,254.96,516.83,144.0406,115.644
2015-07-09,11.8106,257.92,520.68,144.6498,113.2853
2015-07-10,11.9342,259.15,530.13,147.3865,116.3139
2015-07-13,12.0661,262.16,546.55,149.5318,118.5594
2015-07-14,12.2062,265.65,561.1,148.852,118.5122
2015-07-15,12.1568,263.14,560.22,148.7814,119.6539
2015-07-16,12.0084,266.68,579.85,150.9619,121.2484
2015-07-17,12.1073,274.66,672.93,152.295,122.2956
2015-07-20,12.0084,282.26,663.02,152.9218,124.6072
2015-07-21,11.959,266.77,662.3,143.9612,123.3618
2015-07-22,11.8848,267.87,662.1,141.5599,118.1443
2015-07-23,12.0414,267.2,644.28,142.7782,118.0877
2015-07-24,11.8601,265.41,623.56,141.0302,117.465
2015-07-27,11.9919,253.01,627.26,140.4299,115.8327
2015-07-28,12.2227,264.82,628.0,141.2951,116.4082
2015-07-29,12.664,263.82,631.93,142.2132,116.0403
2015-07-30,12.5724,266.79,632.59,142.0984,115.4553
2015-07-31,12.3476,266.15,625.61,143.0077,114.4458
2015-08-03,12.4392,259.99,631.21,140.1121,111.7474
2015-08-04,12.4142,266.28,629.25,139.1322,108.1621
2015-08-05,12.3226,270.13,643.78,139.397,108.8792
2015-08-06,12.3476,246.13,642.68,139.1478,109.1161
2015-08-07,12.3226,242.51,635.3,138.0796,109.4857
2015-08-10,12.4808,241.14,633.73,139.5305,113.4663
2015-08-11,12.2394,237.37,660.78,138.4267,107.5618
2015-08-12,12.2227,238.17,659.56,139.0053,109.2204
2015-08-13,12.2477,242.51,656.45,138.0351,109.1351
2015-08-14,12.306,243.15,657.12,138.6404,109.9027
2015-08-17,12.2227,254.99,660.87,139.1389,111.0401
2015-08-18,12.3476,260.72,656.13,138.8718,110.4145
2015-08-19,12.2976,255.25,660.9,137.0292,109.0024
2015-08-20,12.0145,242.18,646.83,135.8898,106.7656
2015-08-21,11.54,230.77,612.48,132.4984,100.2355
2015-08-24,10.9821,218.87,589.61,127.7094,97.7334
2015-08-25,10.7407,220.03,582.06,125.4751,98.3211
2015-08-26,10.9988,224.84,628.62,130.5845,103.9603
2015-08-27,11.2902,242.99,637.61,132.2224,107.0215
2015-08-28,11.44,248.48,630.38,131.7239,107.3722
2015-08-31,11.5483,249.06,618.25,131.6438,106.8699
2015-09-01,11.4234,238.63,597.79,127.0062,102.0932
2015-09-02,11.5483,247.69,614.34,129.1158,106.4718
2015-09-03,11.5233,245.57,606.25,130.6558,104.6047
2015-09-04,11.2902,241.93,600.7,127.9141,103.5622
2015-09-08,11.3818,248.17,614.66,131.0563,106.4434
2015-09-09,11.2652,248.91,612.72,129.1158,104.3962
2015-09-10,11.4317,248.48,621.35,130.1395,106.6898
2015-09-11,11.4151,250.24,625.77,131.1809,108.2442
2015-09-14,11.4734,253.19,623.24,129.6499,109.2867
2015-09-15,11.9146,253.57,635.14,131.3234,110.206
2015-09-16,12.1894,262.25,635.98,132.1067,110.3292
2015-09-17,12.1561,262.07,642.9,131.8664,107.9693
2015-09-18,11.8897,260.62,629.25,128.6351,107.5239
2015-09-21,11.923,264.2,635.44,130.3887,109.1919
2015-09-22,11.5899,260.94,622.69,128.5639,107.4765
2015-09-23,11.3901,261.06,622.36,127.8785,108.3484
2015-09-24,11.3651,263.12,625.8,128.5461,108.9929
2015-09-25,11.2652,256.91,611.97,129.4452,108.718
2015-09-28,10.9238,248.43,594.89,126.8637,106.5666
2015-09-29,10.9488,246.65,594.97,126.8192,103.3632
2015-09-30,11.2985,248.4,608.42,129.0446,104.5384
2015-10-01,11.3818,239.88,611.29,127.8162,103.856
2015-10-02,11.6482,247.57,626.91,128.6974,104.6142
2015-10-05,11.8147,246.15,641.47,132.6675,104.9933
2015-10-06,11.9146,241.46,645.44,132.436,105.4956
2015-10-07,12.281,231.96,642.36,133.6021,104.9933
2015-10-08,12.4808,226.72,639.16,135.5516,103.7802
2015-10-09,12.4642,220.69,643.61,135.6495,106.2633
2015-10-12,12.4725,215.58,646.67,134.5368,105.7705
2015-10-13,12.4392,219.25,652.3,133.1838,105.9506
2015-10-14,12.4975,216.88,651.16,133.5309,104.4531
2015-10-15,12.6723,221.31,661.74,133.6021,106.0169
2015-10-16,12.7223,227.01,662.2,133.8692,105.2397
2015-10-19,12.7889,228.1,666.1,132.8277,105.8937
2015-10-20,12.8055,213.03,650.28,125.1902,107.8271
2015-10-21,12.8305,210.09,642.61,125.4395,107.8177
2015-10-22,12.972,211.72,651.79,128.2613,109.4668
2015-10-23,13.047,209.09,702.0,128.7864,112.8598
2015-10-26,13.0553,215.26,712.78,127.8785,109.2583
2015-10-27,12.3976,210.35,708.49,122.7156,108.5664
2015-10-28,12.591,212.96,712.95,125.3594,113.0398
2015-10-29,12.3891,211.63,716.92,125.1101,114.234
2015-10-30,12.4564,206.93,710.81,124.6918,113.2578
2015-11-02,12.406,213.79,721.11,124.9499,114.8501
2015-11-03,12.4564,208.35,722.16,126.294,116.1675
2015-11-04,12.3219,231.63,728.11,126.0715,115.6272
2015-11-05,12.2546,231.77,731.25,124.5226,115.0942
2015-11-06,12.2125,232.36,733.76,124.2172,115.2274
2015-11-09,12.0527,225.33,724.89,121.5756,114.761
2015-11-10,12.0107,216.5,728.32,121.7193,111.1441
2015-11-11,12.0359,219.08,735.4,121.315,110.5159
2015-11-12,11.8088,212.94,731.23,119.536,110.1447
2015-11-13,11.7079,207.19,717.0,118.3769,106.9276
2015-11-16,11.8088,214.31,728.96,120.138,108.6742
2015-11-17,11.9013,214.0,725.3,120.2368,108.2125
2015-11-18,12.1621,221.07,740.0,122.0338,111.6391
2015-11-19,12.2546,221.8,738.41,122.8604,113.0573
2015-11-20,12.2798,220.01,756.6,124.4418,113.5522
2015-11-23,12.2377,217.75,755.98,124.4058,112.0769
2015-11-24,12.2377,218.25,748.28,124.5316,113.1525
2015-11-25,12.2377,229.64,748.15,123.9925,112.3434
2015-11-27,12.2209,231.61,750.26,124.4058,112.134
2015-11-30,12.0527,230.26,742.6,125.2684,112.6004
2015-12-01,12.2462,237.19,767.04,126.9396,111.6867
2015-12-02,11.9938,231.99,762.38,125.52,110.6777
2015-12-03,11.7583,232.71,752.54,124.8191,109.6498
2015-12-04,11.9434,230.38,766.81,126.1759,113.2952
2015-12-07,11.8761,231.13,763.25,125.3852,112.5814
2015-12-08,11.7499,226.72,762.37,124.0374,112.5338
2015-12-09,11.6826,224.52,751.61,122.7436,110.0495
2015-12-10,11.7415,227.07,749.46,122.8964,110.573
2015-12-11,11.4724,217.02,738.87,120.9107,107.7271
2015-12-14,11.4555,218.58,747.77,122.1326,107.0608
2015-12-15,11.6658,221.09,743.4,123.8038,105.1667
2015-12-16,12.0779,234.51,758.09,125.1516,105.9757
2015-12-17,11.7583,233.39,749.43,122.8694,103.7294
2015-12-18,11.6069,230.46,739.31,121.2072,100.9216
2015-12-21,11.5481,232.56,747.77,121.7463,102.1589
2015-12-22,11.9434,229.95,750.0,123.9296,102.0638
2015-12-23,12.0779,229.7,750.31,124.4777,103.3773
2015-12-24,12.0359,230.57,748.4,124.2172,102.8252
2015-12-28,11.9265,228.95,762.51,123.6421,101.6735
2015-12-29,11.9686,237.19,776.6,125.5918,103.501
2015-12-30,11.9181,238.09,771.0,125.1965,102.1494
2015-12-31,11.8508,240.01,758.88,123.6511,100.1887
2016-01-04,11.7499,223.41,741.84,122.1506,100.2743
2016-01-05,11.5396,223.43,742.58,122.0608,97.7615
2016-01-06,11.0266,219.04,743.62,121.4498,95.8484
2016-01-07,10.6817,215.65,726.39,119.3743,91.8031
2016-01-08,10.5472,211.0,714.47,118.2691,92.2886
2016-01-11,10.7406,207.85,716.03,119.7067,93.7829
2016-01-12,10.8079,209.97,726.07,119.4102,95.144
2016-01-13,10.2612,200.31,700.56,117.8558,92.6978
2016-01-14,10.2528,206.18,714.72,119.4192,94.7252
2016-01-15,10.0678,204.99,694.45,116.8315,92.4504
2016-01-19,10.0509,204.72,701.79,115.1064,92.003
2016-01-20,10.0089,198.7,698.45,109.4908,92.1267
2016-01-21,10.1014,199.97,706.59,110.4342,91.6604
2016-01-22,10.2107,202.55,725.25,110.0658,96.5337
2016-01-25,10.0762,196.38,711.67,109.6885,94.6491
2016-01-26,10.3117,193.56,713.04,110.1467,95.1726
2016-01-27,10.3003,188.07,699.99,108.6821,88.9191
2016-01-28,10.1786,189.7,730.96,109.8143,89.5568
2016-01-29,10.3786,191.2,742.95,112.1234,92.6502
2016-02-01,10.4916,196.94,752.0,112.1593,91.7841
2016-02-02,10.0048,182.78,764.65,110.4612,89.928
2016-02-03,9.9613,173.48,726.95,112.0605,91.7079
2016-02-04,10.0222,175.33,708.01,114.6931,92.4448
2016-02-05,9.9526,162.6,683.57,115.5197,89.9758
2016-02-08,10.0743,147.99,682.74,115.2565,90.9232
2016-02-09,9.8657,148.25,678.11,112.6151,90.9041
2016-02-10,9.857,143.67,684.12,109.0933,90.215
2016-02-11,9.7092,150.47,683.11,106.9694,89.6696
2016-02-12,10.0396,151.04,682.4,109.8649,89.9471
2016-02-16,10.3177,155.17,691.0,111.4079,92.4831
2016-02-17,10.6654,168.68,708.4,114.4577,93.8994
2016-02-18,10.6567,166.77,697.35,120.2214,92.1195
2016-02-19,10.5176,166.58,700.91,120.7933,91.9089
2016-02-22,10.9175,177.74,706.46,121.4196,92.7128
2016-02-23,10.7958,177.21,695.85,120.176,90.617
2016-02-24,10.5002,179.0,699.56,120.5391,91.9663
2016-02-25,10.7697,187.43,705.75,122.0822,92.5979
2016-02-26,10.8392,190.34,705.07,119.8402,92.7415
2016-02-29,10.874,191.93,697.77,118.9325,92.531
2016-03-01,11.3782,186.35,718.81,121.9642,96.2058
2016-03-02,11.4912,188.34,718.85,123.716,96.4163
2016-03-03,11.7693,195.74,712.42,125.0775,97.1341
2016-03-04,11.8128,201.04,710.89,125.0775,98.5791
2016-03-07,11.8389,205.29,695.16,127.2105,97.4881
2016-03-08,11.4999,202.6,693.97,126.2302,96.6843
2016-03-09,11.4651,208.72,705.24,127.4465,96.7704
2016-03-10,11.4303,205.18,712.82,127.2468,96.8183
2016-03-11,11.552,207.5,726.82,129.2165,97.8614
2016-03-14,11.5346,215.15,730.49,129.5977,98.1102
2016-03-15,11.4999,218.34,728.33,129.7611,100.0816
2016-03-16,11.7345,221.93,736.09,131.4221,101.4118
2016-03-17,11.7085,226.38,737.78,133.4644,101.2491
2016-03-18,11.8562,232.74,737.6,133.5098,101.3639
2016-03-21,11.8736,238.32,742.09,134.9076,101.3544
2016-03-22,11.8128,234.24,740.75,134.4265,102.1295
2016-03-23,11.5259,222.58,738.06,131.9758,101.5649
2016-03-24,11.3521,227.75,735.3,134.2904,101.1247
2016-03-28,11.3782,230.26,733.53,134.6988,100.6653
2016-03-29,11.4738,230.13,744.77,135.543,103.0482
2016-03-30,11.6042,226.89,750.53,134.7079,104.8474
2016-03-31,11.7345,229.77,744.95,137.4672,104.3019
2016-04-01,11.3869,237.59,749.91,138.4384,105.2589
2016-04-04,11.1261,246.99,745.29,138.03,106.3403
2016-04-05,11.1,255.47,737.8,136.1511,105.0866
2016-04-06,11.1435,265.42,745.69,136.1693,106.1871
2016-04-07,10.8827,257.2,740.28,134.5627,103.8712
2016-04-08,10.9088,250.07,739.15,135.5611,103.9861
2016-04-11,11.0044,249.92,736.1,135.4704,104.3306
2016-04-12,11.1348,247.82,743.09,135.8153,105.6895
2016-04-13,11.3521,254.53,751.72,137.2675,107.2207
2016-04-14,11.3782,251.86,753.2,137.204,107.2781
2016-04-15,11.2478,254.51,759.0,137.7123,105.1249
2016-04-18,11.5172,253.88,766.61,138.4475,102.8568
2016-04-19,11.6824,247.37,753.93,130.7051,102.3113
2016-04-20,11.8562,249.97,752.67,132.6203,102.5219
2016-04-21,11.8649,248.29,759.14,135.5157,101.4118
2016-04-22,11.8302,253.75,718.77,134.7896,101.1343
2016-04-25,11.8041,251.82,723.15,135.071,100.5601
2016-04-26,11.9518,253.74,708.14,135.316,99.8615
2016-04-27,12.0046,251.47,705.84,136.5777,93.6123
2016-04-28,12.3825,247.71,691.02,133.4916,90.751
2016-04-29,11.9167,240.76,693.01,132.4659,89.7078
2016-05-02,11.9694,241.8,698.21,131.8578,89.6121
2016-05-03,11.8025,232.32,692.36,130.8231,91.0859
2016-05-04,11.697,222.56,695.7,130.932,90.1385
2016-05-05,11.7058,211.53,701.43,132.947,89.7727
2016-05-06,11.8112,214.93,711.12,134.9815,89.272
2016-05-09,11.7058,208.92,712.9,135.0273,89.3394
2016-05-10,11.8552,208.69,723.18,137.4375,89.946
2016-05-11,11.7058,208.96,715.29,136.5027,89.0698
2016-05-12,11.7321,207.28,713.31,136.4019,86.9805
2016-05-13,11.6179,207.61,710.83,135.3755,87.1538
2016-05-16,11.7058,208.29,716.49,136.9701,90.3889
2016-05-17,11.5476,204.66,706.23,135.6321,90.0134
2016-05-18,11.5652,211.17,706.63,135.0273,91.0436
2016-05-19,11.5037,215.21,700.32,132.8187,90.697
2016-05-20,11.5915,220.28,709.74,134.9448,91.679
2016-05-23,11.5388,216.22,704.24,134.5049,92.844
2016-05-24,11.6794,217.91,720.09,135.9162,94.2594
2016-05-25,11.8815,219.58,725.27,139.0138,95.9154
2016-05-26,11.8288,225.12,724.12,139.7011,96.676
2016-05-27,11.82,223.04,732.66,140.0677,96.6183
2016-05-31,11.8552,223.23,735.72,140.8925,96.1465
2016-06-01,11.5212,219.56,734.15,139.7652,94.7985
2016-06-02,11.6091,218.96,730.4,140.6725,94.0861
2016-06-03,11.4597,218.99,722.34,140.1135,94.2786
2016-06-06,11.5827,220.68,716.55,139.9669,94.9622
2016-06-07,11.7585,232.34,716.65,140.5167,95.3473
2016-06-08,11.7409,235.52,728.28,141.1307,95.2607
2016-06-09,11.6531,229.36,728.58,140.5992,95.9443
2016-06-10,11.5124,218.79,719.41,139.6369,95.1548
2016-06-13,11.407,217.87,718.36,138.638,93.7202
2016-06-14,11.284,214.96,718.27,138.4364,93.8357
2016-06-15,11.4334,217.7,718.92,138.0882,93.5276
2016-06-16,11.53,217.93,710.36,138.4364,93.9224
2016-06-17,11.6531,215.47,691.72,139.2887,91.7849
2016-06-20,11.7937,219.7,693.71,140.7733,91.5635
2016-06-21,11.6179,219.61,695.94,141.1766,92.3434
2016-06-22,11.5827,196.66,697.46,140.141,91.9968
2016-06-23,11.7761,196.4,701.87,142.3679,92.5263
2016-06-24,11.0027,193.15,675.22,134.34,89.9267
2016-06-27,10.6864,198.55,668.26,131.5082,88.6173
2016-06-28,10.8885,201.79,680.04,133.5243,90.1096
2016-06-29,11.0291,210.19,684.11,136.0537,90.8895
2016-06-30,11.0467,212.28,692.1,139.0962,92.0449
2016-07-01,11.1785,216.5,699.21,139.6186,92.3241
2016-07-05,10.8973,213.98,694.49,139.0046,91.4576
2016-07-06,11.0467,214.44,697.77,139.6369,91.9775
2016-07-07,11.2049,215.94,695.36,139.8477,92.3723
2016-07-08,11.5037,216.78,705.63,141.5523,93.0847
2016-07-11,11.6618,224.78,715.09,142.3496,93.3736
2016-07-12,11.82,224.65,720.64,143.9167,93.7972
2016-07-13,11.8464,222.53,716.98,144.8148,93.2677
2016-07-14,11.9431,221.53,720.95,146.8859,95.1163
2016-07-15,11.9255,220.4,719.85,146.4277,95.1066
2016-07-18,11.9958,226.25,733.78,146.501,96.1176
2016-07-19,11.9958,225.26,736.96,146.2444,96.1561
2016-07-20,12.0749,228.36,741.19,147.8757,96.2428
2016-07-21,12.2331,220.5,738.63,147.0417,95.7325
2016-07-22,12.1628,222.27,742.74,148.5263,94.9911
2016-07-25,12.154,230.01,739.77,149.0579,93.7202
2016-07-26,12.3139,229.51,738.42,148.5722,93.0751
2016-07-27,12.2961,228.49,741.77,148.3064,99.1216
2016-07-28,11.2922,230.61,745.91,147.8848,100.4599
2016-07-29,11.2478,234.79,768.79,147.1975,100.3347
2016-08-01,11.0878,230.01,772.88,147.9582,102.1063
2016-08-02,10.6081,227.2,771.07,147.1609,100.5947
2016-08-03,10.7769,225.79,773.18,147.2433,101.856
2016-08-04,10.7325,230.61,771.61,148.0498,102.4852
2016-08-05,10.8302,230.03,782.22,149.8369,104.0437
2016-08-08,10.8213,226.16,781.76,149.7814,104.9052
2016-08-09,10.9368,229.08,784.26,149.5319,105.3312
2016-08-10,10.8835,225.65,784.68,149.8184,104.5471
2016-08-11,10.9368,224.91,784.85,151.1587,104.4793
2016-08-12,10.9546,225.61,783.22,149.6982,104.7213
2016-08-15,11.0434,225.59,782.44,149.6335,105.9798
2016-08-16,10.9635,223.61,777.14,148.5428,105.883
2016-08-17,11.0079,223.24,779.91,148.3025,105.7281
2016-08-18,10.9546,223.51,777.5,149.1529,105.5925
2016-08-19,11.0079,225.0,775.42,147.9327,105.8636
2016-08-22,10.9812,222.93,772.15,147.8958,105.0408
2016-08-23,11.0345,224.84,772.08,148.1361,105.3699
2016-08-24,10.9279,222.62,769.64,147.0176,104.5761
2016-08-25,11.079,220.96,769.41,146.6294,104.1308
2016-08-26,10.999,219.99,769.54,146.3429,103.521
2016-08-29,11.079,215.2,772.15,147.6369,103.4048
2016-08-30,11.15,211.34,769.09,147.3412,102.611
2016-08-31,11.1945,212.01,767.05,146.8605,102.7078
2016-09-01,11.0523,200.77,768.78,147.4706,103.3177
2016-09-02,11.1056,197.78,771.46,147.4798,104.2857
2016-09-06,11.2566,202.83,780.08,148.2193,104.2567
2016-09-07,11.2833,201.71,780.35,149.4117,104.8956
2016-09-08,11.31,197.36,775.32,146.9714,102.1464
2016-09-09,10.999,194.47,759.66,143.9118,99.8328
2016-09-12,11.2833,198.3,769.02,146.3151,102.0689
2016-09-13,10.999,196.05,759.69,144.0227,104.4987
2016-09-14,10.7858,196.41,762.49,142.3959,108.1965
2016-09-15,10.7591,200.42,771.76,143.8841,111.875
2016-09-16,10.7591,205.4,768.88,142.2018,111.2458
2016-09-19,10.7591,206.34,765.7,143.1539,109.9487
2016-09-20,10.6614,204.64,771.41,142.7656,109.939
2016-09-21,10.7413,205.22,776.22,143.7639,109.9196
2016-09-22,10.8213,206.43,787.21,144.3,110.9554
2016-09-23,10.8124,207.45,786.9,143.2555,109.1065
2016-09-26,10.6703,208.99,774.21,142.3312,109.2711
2016-09-27,10.6436,205.81,783.01,144.9101,109.4743
2016-09-28,10.7413,206.27,781.56,146.3151,110.3068
2016-09-29,10.6347,200.7,775.01,146.1487,108.5934
2016-09-30,10.7236,204.03,777.29,146.8328,109.4356
2016-10-03,10.7502,213.7,772.56,145.6866,108.9226
2016-10-04,10.8391,211.41,776.43,144.6236,109.3872
2016-10-05,11.0878,208.46,776.47,145.1967,109.4356
2016-10-06,11.0079,201.0,776.86,145.0118,110.2488
2016-10-07,10.919,196.61,775.08,143.8933,110.4133
2016-10-10,10.768,200.95,785.94,145.1412,112.3397
2016-10-11,10.6525,200.1,783.07,143.0799,112.5817
2016-10-12,10.6258,201.51,786.14,142.6177,113.5885
2016-10-13,10.5814,200.24,778.19,142.0909,113.24
2016-10-14,10.5814,196.51,778.53,142.7656,113.8692
2016-10-17,10.5548,193.96,779.96,143.0614,113.7917
2016-10-18,10.5637,199.1,795.26,139.3178,113.7143
2016-10-19,10.6703,203.56,801.56,139.817,113.3755
2016-10-20,10.6347,199.1,796.97,140.0573,113.3174
2016-10-21,10.6792,200.09,799.37,138.3103,112.8721
2016-10-24,10.8302,202.76,813.11,139.1792,113.8885
2016-10-25,10.6593,202.34,807.67,139.4657,114.4694
2016-10-26,10.6863,202.24,799.07,140.3253,111.8944
2016-10-27,10.5603,204.01,795.35,141.7488,110.8199
2016-10-28,10.5423,199.97,795.37,141.0648,110.0842
2016-10-31,10.5603,197.73,784.54,142.0631,109.91
2016-11-01,10.4434,190.79,783.61,141.2312,107.9255
2016-11-02,10.2545,188.02,768.7,140.4548,108.0223
2016-11-03,10.2095,187.42,762.13,140.843,106.8644
2016-11-04,10.2005,190.56,762.02,140.8984,105.9012
2016-11-07,10.4164,193.21,782.52,143.9396,107.4288
2016-11-08,10.3265,194.94,790.51,144.7323,108.0612
2016-11-09,10.4164,190.06,785.31,144.3965,107.8861
2016-11-10,10.7402,185.35,762.56,149.4426,104.8795
2016-11-11,11.0461,188.56,754.02,150.422,105.5022
2016-11-14,10.8482,181.45,736.08,147.5678,102.8557
2016-11-15,10.8302,183.77,758.49,147.9969,104.2179
2016-11-16,10.7942,183.93,764.48,148.5752,107.0201
2016-11-17,10.6773,188.66,771.23,149.0509,106.9812
2016-11-18,10.5783,185.02,760.54,149.6012,107.0882
2016-11-21,10.6053,184.52,769.2,151.8211,108.7131
2016-11-22,10.6953,191.17,768.27,151.7278,108.7812
2016-11-23,10.7043,193.14,760.99,151.0842,108.2266
2016-11-25,10.8302,196.65,761.68,152.1662,108.7715
2016-11-28,10.7222,196.12,768.24,153.4534,108.5574
2016-11-29,10.7222,189.57,770.84,152.53,108.4504
2016-11-30,10.7582,189.4,758.04,151.3081,107.5358
2016-12-01,11.181,181.88,747.92,149.0695,106.5336
2016-12-02,11.0101,181.47,750.5,149.2561,106.9325
2016-12-05,11.19,186.8,762.52,149.0882,106.1639
2016-12-06,11.2979,185.85,759.11,149.5639,106.9812
2016-12-07,11.7477,193.15,771.19,153.7052,108.032
2016-12-08,11.7207,192.29,776.42,154.2369,109.0926
2016-12-09,11.8466,192.18,789.29,155.3188,110.8732
2016-12-12,11.5318,192.43,789.27,154.3674,110.2407
2016-12-13,11.4868,198.15,796.1,156.9698,112.0797
2016-12-14,11.271,198.69,797.07,157.175,112.0797
2016-12-15,11.3159,197.58,797.85,156.7179,112.6927
2016-12-16,11.3609,202.49,790.8,155.5147,112.8386
2016-12-19,11.3879,202.73,794.2,155.4681,113.4905
2016-12-20,11.4958,208.79,796.42,156.3262,113.7922
2016-12-21,11.3699,207.7,794.56,156.0743,113.8992
2016-12-22,11.154,208.45,791.26,155.8225,113.15
2016-12-23,11.208,213.34,789.91,155.496,113.3738
2016-12-27,11.145,219.53,791.55,155.8971,114.0938
2016-12-28,11.0191,219.74,785.05,155.011,113.6073
2016-12-29,11.0011,214.68,782.79,155.3934,113.5781
2016-12-30,10.9111,213.69,771.82,154.8245,112.6927
2017-01-03,11.3249,216.99,786.14,155.9438,113.0138
2017-01-04,11.8466,226.99,786.9,157.8745,112.8873
2017-01-05,11.4868,226.75,794.02,157.3522,113.4614
2017-01-06,11.4778,229.01,806.15,158.1264,114.7263
2017-01-09,11.3609,231.28,806.65,156.3728,115.7771
2017-01-10,11.5588,229.87,804.79,154.3861,115.8939
2017-01-11,11.3969,229.73,807.91,156.4661,116.5166
2017-01-12,11.3249,229.59,806.36,156.6526,116.0301
2017-01-13,11.3609,237.75,807.88,156.0837,115.8257
2017-01-17,11.3429,235.58,804.61,156.5967,116.7598
2017-01-18,11.3424,238.36,806.07,155.58,116.7501
2017-01-19,11.3606,243.76,802.175,155.5893,116.5458
2017-01-20,11.2967,244.73,805.02,159.0778,116.7598
2017-01-23,11.251,248.92,819.31,159.5255,116.8377
2017-01-24,11.5252,254.61,823.87,164.0679,116.7306
2017-01-25,11.6897,254.47,835.67,166.2971,118.5891
2017-01-26,11.3058,252.51,832.15,166.6422,118.6474
2017-01-27,11.4155,252.95,823.31,165.3737,118.6572
2017-01-30,11.3058,250.63,802.32,163.9746,118.3458
2017-01-31,11.2967,251.93,796.79,162.7807,118.0734
2017-02-01,11.2601,249.24,795.695,162.5662,125.2736
2017-02-02,11.2235,251.55,798.53,162.8367,125.0595
2017-02-03,11.4795,251.33,801.49,163.9933,125.5947
2017-02-06,11.4429,257.77,801.34,164.0306,126.772
2017-02-07,11.2784,257.48,806.97,166.4557,127.9785
2017-02-08,11.3149,262.08,808.38,165.619,128.4747
2017-02-09,11.3149,269.2,809.56,166.5967,129.4031
2017-02-10,11.4338,269.23,813.67,167.9787,129.1099
2017-02-13,11.4795,280.6,819.24,168.6179,130.2533
2017-02-14,11.5617,280.98,820.45,169.3418,131.9439
2017-02-15,11.5434,279.76,818.98,170.799,132.4227
2017-02-16,11.4612,268.95,824.16,170.564,132.2615
2017-02-17,11.4977,272.23,828.07,169.8495,132.6279
2017-02-21,11.5983,277.39,831.66,169.464,133.5856
2017-02-22,11.58,273.51,830.76,170.3007,133.9862
2017-02-23,11.4795,255.99,831.33,170.7708,133.4195
2017-02-24,11.3972,257.0,828.64,170.4888,133.5465
2017-02-27,11.5709,246.23,829.28,168.6555,133.8103
2017-02-28,11.452,249.99,823.21,169.0504,133.869
2017-03-01,11.5983,250.02,835.24,171.0528,136.6052
2017-03-02,11.5709,250.48,830.63,169.7179,135.7941
2017-03-03,11.5617,251.57,829.08,169.2666,136.5954
2017-03-06,11.4429,251.21,827.78,169.6615,136.1654
2017-03-07,11.3881,248.59,831.91,169.5769,136.3413
2017-03-08,11.452,246.87,835.37,168.7026,135.8332
2017-03-09,11.4246,244.9,838.68,166.5685,135.5205
2017-03-10,11.452,243.69,843.25,167.1796,135.97
2017-03-13,11.4612,246.17,845.54,165.8916,136.0286
2017-03-14,11.4703,258.0,845.62,165.1959,135.8234
2017-03-15,11.5617,255.73,847.2,165.2806,137.2599
2017-03-16,11.6074,262.05,848.78,166.6249,137.4847
2017-03-17,11.4063,261.5,852.12,165.1301,136.8006
2017-03-20,11.2235,261.92,848.4,165.1771,138.2371
2017-03-21,10.7117,250.68,830.46,163.4661,136.6541
2017-03-22,10.7574,255.01,829.59,164.3122,138.1981
2017-03-23,10.666,254.78,817.58,164.3498,137.7094
2017-03-24,10.6203,263.16,814.43,163.4191,137.4358
2017-03-27,10.4741,270.22,819.51,163.3627,137.6704
2017-03-28,10.6477,277.45,820.92,164.0584,140.5238
2017-03-29,10.6752,277.38,831.41,163.5225,140.8365
2017-03-30,10.6752,277.92,831.5,163.4473,140.6509
2017-03-31,10.6386,278.3,829.56,163.7106,140.387
2017-04-03,10.4558,298.52,838.55,164.049,140.4261
2017-04-04,10.3918,303.7,834.57,164.0678,141.4717
2017-04-05,10.2913,295.0,831.41,162.526,140.7388
2017-04-06,10.3004,298.7,827.88,162.1218,140.387
2017-04-07,10.2639,302.54,824.67,161.8304,140.0743
2017-04-10,10.2822,312.39,824.73,160.9467,139.9082
2017-04-11,10.3096,308.71,823.35,160.3638,138.4033
2017-04-12,10.2639,296.84,824.32,160.439,138.5694
2017-04-13,10.1542,304.0,823.56,159.3767,137.8365
2017-04-17,10.3096,301.44,837.17,160.8526,138.5987
2017-04-18,10.3188,300.25,836.82,159.8655,137.9831
2017-04-19,10.3652,305.52,838.21,152.0062,137.4749
2017-04-20,10.6245,302.51,841.65,152.5797,139.1948
2017-04-21,10.5041,305.6,843.19,150.7747,139.0287
2017-04-24,10.5875,308.03,862.76,151.1225,140.3675
2017-04-25,10.6338,313.79,872.3,150.7841,141.2372
2017-04-26,10.7449,310.17,871.73,150.4738,140.4066
2017-04-27,10.6245,308.63,874.25,150.7183,140.5141
2017-04-28,10.6245,314.07,905.96,150.6901,140.3772
2017-05-01,10.5782,322.83,912.57,149.3269,143.2405
2017-05-02,10.1151,318.89,916.44,149.5713,144.1493
2017-05-03,10.254,311.02,927.04,149.1295,143.7096
2017-05-04,10.1892,295.46,931.66,149.5243,143.1916
2017-05-05,10.3188,308.35,927.13,145.7639,145.5663
2017-05-08,10.3096,307.19,934.3,145.2702,149.524
2017-05-09,10.3374,321.26,932.17,144.3969,150.4817
2017-05-10,10.2262,325.22,928.78,143.5805,149.7683
2017-05-11,10.1984,323.1,930.6,143.0109,151.0636
2017-05-12,10.1151,324.81,932.22,142.7451,153.1733
2017-05-15,10.1336,315.88,937.08,143.8273,152.7808
2017-05-16,10.1336,317.01,943.0,145.8873,152.5551
2017-05-17,9.9669,306.11,919.62,143.2767,147.433
2017-05-18,9.9946,313.06,930.24,143.1343,149.68
2017-05-19,10.0687,310.83,934.01,144.2735,150.1903
2017-05-22,10.2818,310.35,941.86,144.9,151.1029
2017-05-23,10.2355,303.86,948.82,144.3209,150.9164
2017-05-24,10.1521,310.22,954.96,144.7766,150.465
2017-05-25,10.0595,316.83,969.54,145.4316,150.9851
2017-05-26,10.1243,325.14,971.47,144.7576,150.73
2017-05-30,10.2633,335.1,975.88,144.0361,150.7889
2017-05-31,10.3003,341.01,964.86,144.8905,149.8959
2017-06-01,10.5689,340.37,966.95,144.9285,150.308
2017-06-02,10.5134,339.85,975.6,144.3399,152.5355
2017-06-05,10.4207,347.32,983.68,144.6817,151.044
2017-06-06,10.3003,352.85,976.57,144.6437,151.5542
2017-06-07,10.254,359.65,981.08,143.3242,152.457
2017-06-08,10.2818,370.0,983.41,144.3874,152.0841
2017-06-09,10.3096,357.32,949.83,146.286,146.1868
2017-06-12,10.4485,359.01,942.9,147.3112,142.6935
2017-06-13,10.4393,375.95,953.4,146.4284,143.8416
2017-06-14,10.3929,380.66,950.76,146.0107,142.4384
2017-06-15,10.4115,375.34,942.31,146.3999,141.5847
2017-06-16,10.3929,371.4,939.78,147.5011,139.6026
2017-06-19,10.4115,369.8,957.37,146.9884,143.5963
2017-06-20,10.3003,372.24,950.63,147.0929,142.2912
2017-06-21,10.2262,376.4,959.45,145.9917,143.1351
2017-06-22,10.3096,382.61,957.09,146.5707,142.8996
2017-06-23,10.2262,383.45,965.59,146.2955,143.5374
2017-06-26,10.3559,377.49,952.27,147.3587,143.086
2017-06-27,10.2633,362.37,927.33,146.903,141.0352
2017-06-28,10.2725,371.24,940.49,147.4441,143.0958
2017-06-29,10.3466,360.75,917.79,146.3144,140.9862
2017-06-30,10.3652,361.61,908.73,146.0297,141.3198
2017-07-03,10.7079,352.62,898.7,147.6909,140.8095
2017-07-05,10.467,327.09,911.71,145.8778,141.3885
2017-07-06,10.3559,308.83,906.69,144.6342,140.054
2017-07-07,10.43,313.22,918.59,145.1848,141.4768
2017-07-10,10.5041,316.05,928.8,145.6404,142.3403
2017-07-11,10.5412,327.22,930.09,145.4221,142.8015
2017-07-12,10.6245,329.52,943.83,145.9062,143.0075
2017-07-13,10.7449,323.41,947.16,145.8398,144.9995
2017-07-14,10.819,327.78,955.99,146.4189,146.2457
2017-07-17,10.8746,319.57,953.42,145.2512,146.7559
2017-07-18,10.8839,328.24,965.4,146.191,147.2662
2017-07-19,10.958,325.26,970.89,140.0491,148.1885
2017-07-20,10.9767,329.92,968.15,140.1725,147.5213
2017-07-21,10.8173,328.4,972.92,139.6219,147.4526
2017-07-24,10.5921,342.52,980.34,138.5872,149.2385
2017-07-25,10.5733,339.6,950.7,138.7771,149.8763
2017-07-26,10.3763,343.85,947.8,137.9891,150.5828
2017-07-27,10.4889,334.46,934.09,137.7138,147.7372
2017-07-28,10.4795,335.07,941.53,136.9734,146.697
2017-07-31,10.5264,323.47,930.5,137.3341,145.9415
2017-08-01,10.2731,319.57,930.83,137.7993,155.6166
2017-08-02,10.32,325.89,930.39,137.1253,154.1938
2017-08-03,10.2543,347.09,923.65,137.5904,152.6532
2017-08-04,10.2731,356.91,927.96,137.7993,153.4579
2017-08-07,10.245,355.17,929.36,136.195,155.8325
2017-08-08,10.2168,365.22,926.79,136.3293,157.0787
2017-08-09,10.245,363.53,922.9,136.0031,158.0403
2017-08-10,10.1042,355.4,907.24,136.0702,153.0065
2017-08-11,10.1042,357.87,914.39,136.0702,155.1343
2017-08-14,10.2356,363.8,922.67,136.5307,157.469
2017-08-15,10.1699,362.33,922.22,136.2909,159.1929
2017-08-16,10.1324,362.91,926.96,136.7034,158.5526
2017-08-17,9.9823,351.92,910.98,134.9766,155.5086
2017-08-18,9.9072,347.46,910.67,134.0173,155.154
2017-08-21,9.9166,337.86,906.66,134.6217,154.8683
2017-08-22,9.9917,341.35,924.69,135.274,157.4
2017-08-23,10.0479,352.77,927.0,136.358,157.5971
2017-08-24,10.0479,352.93,921.28,137.1255,156.8976
2017-08-25,10.1511,348.05,915.89,137.893,157.4789
2017-08-28,10.123,345.66,913.81,136.713,159.0649
2017-08-29,10.1699,347.36,921.29,137.3174,160.4834
2017-08-30,10.2637,353.18,929.57,136.761,160.9169
2017-08-31,10.3482,355.9,939.33,137.2118,161.5572
2017-09-01,10.6484,355.4,937.34,138.2191,161.6064
2017-09-05,10.6578,349.59,928.45,137.2214,159.6658
2017-09-06,10.7891,344.53,927.81,137.9697,159.4983
2017-09-07,10.6953,350.61,935.95,137.0871,158.858
2017-09-08,10.6578,343.4,926.5,136.6554,156.2672
2017-09-11,10.7047,363.69,929.08,138.9674,159.0944
2017-09-12,10.8735,362.75,932.07,139.8308,158.464
2017-09-13,10.9017,366.23,935.09,140.0514,157.272
2017-09-14,10.8454,377.64,925.11,139.6197,155.9224
2017-09-15,10.9017,379.81,920.29,138.929,157.4986
2017-09-18,10.9111,385.0,915.0,138.67,156.3066
2017-09-19,10.9955,375.1,921.81,138.5165,156.3657
2017-09-20,10.9861,373.91,931.58,139.9459,153.7453
2017-09-21,10.9955,366.48,932.45,139.3511,151.1052
2017-09-22,11.1081,351.09,928.53,139.2264,149.6276
2017-09-25,11.2019,344.99,920.97,139.9363,148.3075
2017-09-26,11.1925,345.25,924.86,140.5982,150.859
2017-09-27,11.2113,340.97,944.49,139.7349,151.9327
2017-09-28,11.2207,339.6,949.5,139.7349,150.9969
2017-09-29,11.2301,341.1,959.11,139.1785,151.8244
2017-10-02,11.3426,341.53,953.27,140.6942,151.519
2017-10-03,11.5772,348.14,957.79,140.8093,152.179
2017-10-04,11.5397,355.01,951.68,140.5215,151.1939
2017-10-05,11.4927,355.33,969.96,140.7517,153.0754
2017-10-06,11.549,356.88,978.89,140.5215,152.9868
2017-10-09,11.5772,342.94,977.0,141.3945,153.5187
2017-10-10,11.6241,355.59,972.6,142.4593,153.5778
2017-10-11,11.6147,354.6,989.25,141.6151,154.2182
2017-10-12,11.3708,355.68,987.83,141.0491,153.6764
2017-10-13,11.3051,355.57,989.68,141.1163,154.6516
2017-10-16,11.3708,350.6,992.0,140.8573,157.4986
2017-10-17,11.5115,355.75,992.18,140.5791,158.0798
2017-10-18,11.4365,359.65,992.81,153.0407,157.3803
2017-10-19,11.474,351.81,984.45,154.3549,153.6567
2017-10-20,11.493,345.1,988.2,155.4773,153.9226
2017-10-23,11.436,337.02,968.45,153.0598,153.8438
2017-10-24,11.5785,337.34,970.54,149.5391,154.76
2017-10-25,11.4645,325.84,973.33,147.2511,154.0802
2017-10-26,11.6545,326.17,972.56,147.3519,155.0654
2017-10-27,11.455,320.87,1019.27,147.4286,160.6213
2017-10-30,11.493,320.08,1017.11,148.081,164.2367
2017-10-31,11.6545,331.53,1016.64,147.7932,166.5221
2017-11-01,11.7304,321.08,1025.5,147.7644,164.4041
2017-11-02,11.7969,299.26,1025.58,147.112,165.606
2017-11-03,11.7399,306.09,1032.48,145.414,169.9306
2017-11-06,11.7114,302.78,1025.9,144.7041,171.6545
2017-11-07,11.55,306.05,1033.33,145.1934,172.2062
2017-11-08,11.455,304.39,1039.85,145.4045,173.6149
2017-11-09,11.436,302.99,1031.26,145.6272,173.2602
2017-11-10,11.4075,302.99,1028.07,144.5227,172.6868
2017-11-13,11.55,315.4,1025.75,143.7863,171.9948
2017-11-14,11.417,308.7,1026.0,144.2611,169.3946
2017-11-15,11.398,311.3,1020.91,142.5267,167.1603
2017-11-16,11.436,312.5,1032.5,144.4839,169.1574
2017-11-17,11.4075,315.05,1019.09,144.3386,168.2181
2017-11-20,11.5215,308.74,1018.38,145.8307,168.0501
2017-11-21,11.512,317.81,1034.49,147.2259,171.1742
2017-11-22,11.4645,312.6,1035.96,147.0515,172.9735
2017-11-24,11.493,315.55,1040.61,147.1194,172.9834
2017-11-27,11.5025,316.81,1054.21,147.255,172.1134
2017-11-28,11.5975,317.55,1047.41,147.7298,171.105
2017-11-29,11.9299,307.54,1021.66,148.7762,167.5558
2017-11-30,11.8919,308.85,1021.41,149.1831,169.8988
2017-12-01,11.9489,306.53,1010.17,149.9486,169.1079
2017-12-04,11.9964,305.2,998.68,151.5957,167.8721
2017-12-05,11.8064,303.7,1005.15,150.5202,167.7139
2017-12-06,11.7589,313.26,1018.38,149.3091,167.0911
2017-12-07,11.9014,311.24,1030.93,148.7956,167.3976
2017-12-08,11.9774,315.13,1037.05,149.997,167.447
2017-12-11,11.9489,328.91,1041.1,150.5784,170.7095
2017-12-12,11.9679,341.03,1040.48,151.867,169.7505
2017-12-13,11.9964,339.03,1040.61,149.125,170.3141
2017-12-14,11.8349,337.89,1049.15,149.2122,170.2646
2017-12-15,11.9489,343.45,1064.19,147.7588,171.9948
2017-12-18,12.0249,338.87,1077.14,148.563,174.417
2017-12-19,12.0534,331.1,1070.68,148.4661,172.5583
2017-12-20,12.0819,328.98,1064.95,148.1949,172.3705
2017-12-21,11.9964,331.66,1063.63,146.7899,173.023
2017-12-22,11.9489,325.2,1060.12,147.7588,173.023
2017-12-26,11.9679,317.29,1056.74,148.0786,168.6334
2017-12-27,11.8729,311.64,1049.37,148.3693,168.663
2017-12-28,11.9489,315.36,1048.14,149.251,169.1376
2017-12-29,11.8634,311.35,1046.4,148.6502,167.3086
