order_num,line_num,date,sku,qty
0,0,2011-01-01,sku4333,6
0,1,2011-01-01,sku76536,7
1,0,2011-01-02,sku75108,3
1,1,2011-01-02,sku78838,9
1,2,2011-01-02,sku77480,9
2,0,2011-01-05,sku45155,3
2,1,2011-01-05,sku67327,9
2,2,2011-01-05,sku27757,8
3,0,2011-01-06,sku82064,4
3,1,2011-01-06,sku15816,3
3,2,2011-01-06,sku67884,7
4,0,2011-01-08,sku50623,9
4,1,2011-01-08,sku38198,7
4,2,2011-01-08,sku97248,2
4,3,2011-01-08,sku96436,1
5,0,2011-01-09,sku27629,5
6,0,2011-01-10,sku60263,6
6,1,2011-01-10,sku20153,3
6,2,2011-01-10,sku99102,5
7,0,2011-01-15,sku84121,6
7,1,2011-01-15,sku87809,5
7,2,2011-01-15,sku22435,1
7,3,2011-01-15,sku60722,8
8,0,2011-01-16,sku98263,8
8,1,2011-01-16,sku40027,1
9,0,2011-01-17,sku71321,6
10,0,2011-01-17,sku12412,4
11,0,2011-01-18,sku0817,4
12,0,2011-01-19,sku59099,1
13,0,2011-01-21,sku80616,6
13,1,2011-01-21,sku41854,2
13,2,2011-01-21,sku64427,5
13,3,2011-01-21,sku84433,2
14,0,2011-01-23,sku93879,8
14,1,2011-01-23,sku87041,2
15,0,2011-01-24,sku68913,5
15,1,2011-01-24,sku95860,1
15,2,2011-01-24,sku31795,1
16,0,2011-01-24,sku27370,5
16,1,2011-01-24,sku99987,1
16,2,2011-01-24,sku49626,6
16,3,2011-01-24,sku4878,3
17,0,2011-01-24,sku38028,7
18,0,2011-01-29,sku10597,8
18,1,2011-01-29,sku78578,7
18,2,2011-01-29,sku9775,7
18,3,2011-01-29,sku61914,4
19,0,2011-01-30,sku69655,5
19,1,2011-01-30,sku36614,4
19,2,2011-01-30,sku86528,3
19,3,2011-01-30,sku8682,5
20,0,2011-02-04,sku50688,4
20,1,2011-02-04,sku23348,4
20,2,2011-02-04,sku47478,8
20,3,2011-02-04,sku39400,7
21,0,2011-02-04,sku5261,3
21,1,2011-02-04,sku56977,4
22,0,2011-02-07,sku45756,8
22,1,2011-02-07,sku22816,4
22,2,2011-02-07,sku27321,2
22,3,2011-02-07,sku74057,6
23,0,2011-02-08,sku67738,8
24,0,2011-02-08,sku95542,8
24,1,2011-02-08,sku59616,7
25,0,2011-02-08,sku10775,4
25,1,2011-02-08,sku3106,5
26,0,2011-02-09,sku26819,2
26,1,2011-02-09,sku71357,1
26,2,2011-02-09,sku22104,9
27,0,2011-02-14,sku96221,5
28,0,2011-02-14,sku4791,5
28,1,2011-02-14,sku33941,2
28,2,2011-02-14,sku94622,6
28,3,2011-02-14,sku18813,9
29,0,2011-02-15,sku76961,1
29,1,2011-02-15,sku45537,9
29,2,2011-02-15,sku49462,8
29,3,2011-02-15,sku60085,5
30,0,2011-02-15,sku75267,7
30,1,2011-02-15,sku68714,5
30,2,2011-02-15,sku8969,4
30,3,2011-02-15,sku86724,2
31,0,2011-02-16,sku76308,1
31,1,2011-02-16,sku45099,4
31,2,2011-02-16,sku98696,4
32,0,2011-02-18,sku44878,1
32,1,2011-02-18,sku32544,8
32,2,2011-02-18,sku26170,4
33,0,2011-02-19,sku22753,9
34,0,2011-02-20,sku67950,1
35,0,2011-02-21,sku36977,6
35,1,2011-02-21,sku97267,3
36,0,2011-02-24,sku43173,8
37,0,2011-02-25,sku18894,1
38,0,2011-02-26,sku23861,6
38,1,2011-02-26,sku45345,4
38,2,2011-02-26,sku3706,2
39,0,2011-02-26,sku78168,1
39,1,2011-02-26,sku15292,8
39,2,2011-02-26,sku90525,5
39,3,2011-02-26,sku92971,3
40,0,2011-02-27,sku52368,2
40,1,2011-02-27,sku99206,6
40,2,2011-02-27,sku58847,1
41,0,2011-02-28,sku48494,8
42,0,2011-03-01,sku20110,7
43,0,2011-03-02,sku25525,8
44,0,2011-03-02,sku41528,8
44,1,2011-03-02,sku64884,4
44,2,2011-03-02,sku73566,4
45,0,2011-03-03,sku96869,6
46,0,2011-03-04,sku5759,3
46,1,2011-03-04,sku13138,1
46,2,2011-03-04,sku82019,8
47,0,2011-03-06,sku88603,3
47,1,2011-03-06,sku90566,8
47,2,2011-03-06,sku0473,2
47,3,2011-03-06,sku89072,7
48,0,2011-03-11,sku9047,7
49,0,2011-03-11,sku67794,5
50,0,2011-03-12,sku33566,1
50,1,2011-03-12,sku49253,5
50,2,2011-03-12,sku7082,6
50,3,2011-03-12,sku51619,1
51,0,2011-03-13,sku58364,6
51,1,2011-03-13,sku89736,1
52,0,2011-03-13,sku71728,9
52,1,2011-03-13,sku64867,1
53,0,2011-03-14,sku10638,6
54,0,2011-03-14,sku13545,2
54,1,2011-03-14,sku21504,7
55,0,2011-03-14,sku50131,3
55,1,2011-03-14,sku93990,1
56,0,2011-03-16,sku63008,8
56,1,2011-03-16,sku4108,6
56,2,2011-03-16,sku48455,4
57,0,2011-03-16,sku63905,8
58,0,2011-03-19,sku64317,1
58,1,2011-03-19,sku40178,1
58,2,2011-03-19,sku49767,1
59,0,2011-03-19,sku92683,1
59,1,2011-03-19,sku29236,3
60,0,2011-03-20,sku4215,1
60,1,2011-03-20,sku0762,8
60,2,2011-03-20,sku18840,2
61,0,2011-03-20,sku67461,3
61,1,2011-03-20,sku32159,1
62,0,2011-03-21,sku10695,4
62,1,2011-03-21,sku70731,4
62,2,2011-03-21,sku28779,9
63,0,2011-03-22,sku77725,3
63,1,2011-03-22,sku70281,4
63,2,2011-03-22,sku21516,9
64,0,2011-03-22,sku88564,9
64,1,2011-03-22,sku7533,2
64,2,2011-03-22,sku97791,6
64,3,2011-03-22,sku12199,2
65,0,2011-03-23,sku32199,5
65,1,2011-03-23,sku1897,2
65,2,2011-03-23,sku30761,8
66,0,2011-03-23,sku68299,7
66,1,2011-03-23,sku64820,3
66,2,2011-03-23,sku99685,9
67,0,2011-03-25,sku89439,4
67,1,2011-03-25,sku49875,8
67,2,2011-03-25,sku48202,6
67,3,2011-03-25,sku97592,7
68,0,2011-03-25,sku64065,1
68,1,2011-03-25,sku71810,9
68,2,2011-03-25,sku0442,4
68,3,2011-03-25,sku53999,7
69,0,2011-03-27,sku31812,8
69,1,2011-03-27,sku30307,1
70,0,2011-03-27,sku51480,8
70,1,2011-03-27,sku61400,3
70,2,2011-03-27,sku75274,3
70,3,2011-03-27,sku53570,2
71,0,2011-03-27,sku20538,1
71,1,2011-03-27,sku61516,8
71,2,2011-03-27,sku13360,1
72,0,2011-03-29,sku43391,1
72,1,2011-03-29,sku92464,6
72,2,2011-03-29,sku18579,5
72,3,2011-03-29,sku58748,7
73,0,2011-03-30,sku34602,8
73,1,2011-03-30,sku8827,6
73,2,2011-03-30,sku5361,1
73,3,2011-03-30,sku77855,1
74,0,2011-03-31,sku39235,4
74,1,2011-03-31,sku34838,3
75,0,2011-03-31,sku16370,1
75,1,2011-03-31,sku4910,9
75,2,2011-03-31,sku83738,2
76,0,2011-04-01,sku42179,9
77,0,2011-04-03,sku77403,8
77,1,2011-04-03,sku44517,9
77,2,2011-04-03,sku65319,3
78,0,2011-04-05,sku95877,6
78,1,2011-04-05,sku43217,7
78,2,2011-04-05,sku53758,9
79,0,2011-04-09,sku75091,9
79,1,2011-04-09,sku59412,4
79,2,2011-04-09,sku81052,2
79,3,2011-04-09,sku50119,2
80,0,2011-04-10,sku1282,3
81,0,2011-04-10,sku83567,5
81,1,2011-04-10,sku1547,4
82,0,2011-04-11,sku49614,7
82,1,2011-04-11,sku73099,1
82,2,2011-04-11,sku8773,2
82,3,2011-04-11,sku81848,4
83,0,2011-04-11,sku78674,5
84,0,2011-04-12,sku74836,9
84,1,2011-04-12,sku1991,2
84,2,2011-04-12,sku68427,7
85,0,2011-04-12,sku15403,9
85,1,2011-04-12,sku60248,3
85,2,2011-04-12,sku50183,2
86,0,2011-04-13,sku56659,6
87,0,2011-04-14,sku17514,2
87,1,2011-04-14,sku83894,9
87,2,2011-04-14,sku2717,8
88,0,2011-04-16,sku5694,5
89,0,2011-04-17,sku11750,4
90,0,2011-04-17,sku9768,6
91,0,2011-04-20,sku70500,8
91,1,2011-04-20,sku58917,2
91,2,2011-04-20,sku99395,5
92,0,2011-04-20,sku46006,6
92,1,2011-04-20,sku93935,3
92,2,2011-04-20,sku13092,2
92,3,2011-04-20,sku15056,4
93,0,2011-04-21,sku66775,1
93,1,2011-04-21,sku34719,7
93,2,2011-04-21,sku97097,9
94,0,2011-04-21,sku64011,9
94,1,2011-04-21,sku1239,6
95,0,2011-04-25,sku13605,4
96,0,2011-04-27,sku7775,2
97,0,2011-04-27,sku27154,4
98,0,2011-04-27,sku54297,9
99,0,2011-04-29,sku18238,8
99,1,2011-04-29,sku62493,6
100,0,2011-04-29,sku54444,5
101,0,2011-04-29,sku52193,2
101,1,2011-04-29,sku10729,6
102,0,2011-04-29,sku47255,3
103,0,2011-04-29,sku2962,7
103,1,2011-04-29,sku94069,8
104,0,2011-04-30,sku55397,8
105,0,2011-04-30,sku81167,8
105,1,2011-04-30,sku7876,5
106,0,2011-05-01,sku23630,5
106,1,2011-05-01,sku31200,9
106,2,2011-05-01,sku54388,3
107,0,2011-05-03,sku94300,8
107,1,2011-05-03,sku54687,6
108,0,2011-05-04,sku10967,4
108,1,2011-05-04,sku52799,3
108,2,2011-05-04,sku15667,7
109,0,2011-05-05,sku78296,6
109,1,2011-05-05,sku26355,9
109,2,2011-05-05,sku75414,4
109,3,2011-05-05,sku81459,4
110,0,2011-05-05,sku76078,1
110,1,2011-05-05,sku12972,5
111,0,2011-05-06,sku8844,9
111,1,2011-05-06,sku48026,2
111,2,2011-05-06,sku43419,1
111,3,2011-05-06,sku64554,1
112,0,2011-05-06,sku69502,4
112,1,2011-05-06,sku27589,2
112,2,2011-05-06,sku57985,3
112,3,2011-05-06,sku24680,5
113,0,2011-05-07,sku58061,7
113,1,2011-05-07,sku93244,8
113,2,2011-05-07,sku25781,4
113,3,2011-05-07,sku16293,7
114,0,2011-05-08,sku44904,3
114,1,2011-05-08,sku87997,3
114,2,2011-05-08,sku73366,7
115,0,2011-05-08,sku3011,4
115,1,2011-05-08,sku49126,7
115,2,2011-05-08,sku72046,4
115,3,2011-05-08,sku72791,4
116,0,2011-05-09,sku75997,3
116,1,2011-05-09,sku27662,4
117,0,2011-05-09,sku27561,6
118,0,2011-05-10,sku50041,2
118,1,2011-05-10,sku30261,9
118,2,2011-05-10,sku97255,8
119,0,2011-05-13,sku68309,2
119,1,2011-05-13,sku7549,3
119,2,2011-05-13,sku15995,3
120,0,2011-05-19,sku92015,7
121,0,2011-05-20,sku36741,9
121,1,2011-05-20,sku51827,3
122,0,2011-05-22,sku83089,7
122,1,2011-05-22,sku48864,7
123,0,2011-05-23,sku49249,1
123,1,2011-05-23,sku1675,7
124,0,2011-05-24,sku15021,6
124,1,2011-05-24,sku11204,7
125,0,2011-05-25,sku3327,3
125,1,2011-05-25,sku57431,6
126,0,2011-05-25,sku82353,2
126,1,2011-05-25,sku76350,6
126,2,2011-05-25,sku92892,9
126,3,2011-05-25,sku74040,9
127,0,2011-05-26,sku91079,8
127,1,2011-05-26,sku4549,6
128,0,2011-05-26,sku79941,3
129,0,2011-05-30,sku43562,9
129,1,2011-05-30,sku54128,9
129,2,2011-05-30,sku71940,2
130,0,2011-05-30,sku27197,4
130,1,2011-05-30,sku99265,4
131,0,2011-05-31,sku12066,7
132,0,2011-06-01,sku85235,2
133,0,2011-06-03,sku51228,7
133,1,2011-06-03,sku26515,2
133,2,2011-06-03,sku95057,4
134,0,2011-06-04,sku50195,4
134,1,2011-06-04,sku10363,6
134,2,2011-06-04,sku25107,9
134,3,2011-06-04,sku24460,8
135,0,2011-06-04,sku70110,9
136,0,2011-06-04,sku1425,1
136,1,2011-06-04,sku74261,3
136,2,2011-06-04,sku41955,5
137,0,2011-06-05,sku56126,9
138,0,2011-06-05,sku44096,5
138,1,2011-06-05,sku32024,6
139,0,2011-06-07,sku0627,4
139,1,2011-06-07,sku14457,1
139,2,2011-06-07,sku84345,3
140,0,2011-06-09,sku62671,7
140,1,2011-06-09,sku7627,4
140,2,2011-06-09,sku6335,3
140,3,2011-06-09,sku23322,3
141,0,2011-06-11,sku42423,3
141,1,2011-06-11,sku41803,6
141,2,2011-06-11,sku64517,1
141,3,2011-06-11,sku71600,1
142,0,2011-06-13,sku28690,4
142,1,2011-06-13,sku42684,6
142,2,2011-06-13,sku69085,9
142,3,2011-06-13,sku11090,6
143,0,2011-06-18,sku5847,7
143,1,2011-06-18,sku40305,5
143,2,2011-06-18,sku38550,1
143,3,2011-06-18,sku74846,8
144,0,2011-06-19,sku32158,8
144,1,2011-06-19,sku97702,3
144,2,2011-06-19,sku56051,4
144,3,2011-06-19,sku37775,8
145,0,2011-06-20,sku44849,4
146,0,2011-06-20,sku93184,4
146,1,2011-06-20,sku55377,3
146,2,2011-06-20,sku31436,9
146,3,2011-06-20,sku23647,8
147,0,2011-06-21,sku25275,1
147,1,2011-06-21,sku79068,6
148,0,2011-06-21,sku17188,8
149,0,2011-06-24,sku18484,1
149,1,2011-06-24,sku55226,4
149,2,2011-06-24,sku95016,4
149,3,2011-06-24,sku79551,9
150,0,2011-06-25,sku33028,6
151,0,2011-06-25,sku85234,2
151,1,2011-06-25,sku14781,1
151,2,2011-06-25,sku30136,1
151,3,2011-06-25,sku29750,2
152,0,2011-06-26,sku81939,9
152,1,2011-06-26,sku7490,8
152,2,2011-06-26,sku37988,8
152,3,2011-06-26,sku80650,6
153,0,2011-06-27,sku24178,8
154,0,2011-06-28,sku8248,4
154,1,2011-06-28,sku8981,5
155,0,2011-06-29,sku87389,1
155,1,2011-06-29,sku88998,9
155,2,2011-06-29,sku41454,2
155,3,2011-06-29,sku56417,2
156,0,2011-06-30,sku84258,8
156,1,2011-06-30,sku94106,1
156,2,2011-06-30,sku5983,5
156,3,2011-06-30,sku55737,1
157,0,2011-06-30,sku2745,6
157,1,2011-06-30,sku4862,9
158,0,2011-07-01,sku93079,6
159,0,2011-07-01,sku35703,2
159,1,2011-07-01,sku42794,7
160,0,2011-07-02,sku40608,5
160,1,2011-07-02,sku40297,6
161,0,2011-07-04,sku19833,8
161,1,2011-07-04,sku27277,8
161,2,2011-07-04,sku1391,1
162,0,2011-07-04,sku75931,8
162,1,2011-07-04,sku9283,9
162,2,2011-07-04,sku37177,9
163,0,2011-07-06,sku97351,1
163,1,2011-07-06,sku99002,6
163,2,2011-07-06,sku28737,8
163,3,2011-07-06,sku43798,7
164,0,2011-07-07,sku69959,7
165,0,2011-07-07,sku4500,1
165,1,2011-07-07,sku90808,8
166,0,2011-07-07,sku95831,4
166,1,2011-07-07,sku33517,6
166,2,2011-07-07,sku72562,4
166,3,2011-07-07,sku43089,3
167,0,2011-07-08,sku43860,3
167,1,2011-07-08,sku39721,7
167,2,2011-07-08,sku28376,8
168,0,2011-07-11,sku34672,7
168,1,2011-07-11,sku55302,6
169,0,2011-07-12,sku21707,2
169,1,2011-07-12,sku17058,8
170,0,2011-07-13,sku39286,9
170,1,2011-07-13,sku31196,4
170,2,2011-07-13,sku70077,5
170,3,2011-07-13,sku70355,9
171,0,2011-07-13,sku98974,1
172,0,2011-07-16,sku6794,1
172,1,2011-07-16,sku87230,5
172,2,2011-07-16,sku49967,4
173,0,2011-07-17,sku87665,3
173,1,2011-07-17,sku16130,7
173,2,2011-07-17,sku72581,7
173,3,2011-07-17,sku17515,4
174,0,2011-07-18,sku61084,1
174,1,2011-07-18,sku0351,5
174,2,2011-07-18,sku78269,9
175,0,2011-07-20,sku82571,9
175,1,2011-07-20,sku37624,3
175,2,2011-07-20,sku50643,3
176,0,2011-07-20,sku78572,2
177,0,2011-07-22,sku79666,2
177,1,2011-07-22,sku15153,7
177,2,2011-07-22,sku77192,4
177,3,2011-07-22,sku63030,4
178,0,2011-07-22,sku31804,2
178,1,2011-07-22,sku85270,9
179,0,2011-07-22,sku75831,3
179,1,2011-07-22,sku48726,3
179,2,2011-07-22,sku25337,8
179,3,2011-07-22,sku74533,9
180,0,2011-07-23,sku59636,5
181,0,2011-07-23,sku46852,9
181,1,2011-07-23,sku44283,3
181,2,2011-07-23,sku68777,2
182,0,2011-07-24,sku50049,5
182,1,2011-07-24,sku52034,6
182,2,2011-07-24,sku28169,5
182,3,2011-07-24,sku7996,6
183,0,2011-07-27,sku87708,6
183,1,2011-07-27,sku66875,3
183,2,2011-07-27,sku89198,5
183,3,2011-07-27,sku24892,2
184,0,2011-07-27,sku20616,5
185,0,2011-07-29,sku14973,7
186,0,2011-08-02,sku47319,5
186,1,2011-08-02,sku24509,6
186,2,2011-08-02,sku57133,8
187,0,2011-08-03,sku51961,4
187,1,2011-08-03,sku65581,7
187,2,2011-08-03,sku82180,2
187,3,2011-08-03,sku23928,5
188,0,2011-08-03,sku74243,3
188,1,2011-08-03,sku9214,1
188,2,2011-08-03,sku88324,6
189,0,2011-08-05,sku29512,2
190,0,2011-08-06,sku37107,9
190,1,2011-08-06,sku42064,9
190,2,2011-08-06,sku49851,3
190,3,2011-08-06,sku16612,4
191,0,2011-08-06,sku87668,7
191,1,2011-08-06,sku89821,8
192,0,2011-08-06,sku41704,4
192,1,2011-08-06,sku10718,8
192,2,2011-08-06,sku68616,4
193,0,2011-08-07,sku28333,7
193,1,2011-08-07,sku79280,7
194,0,2011-08-08,sku83615,2
195,0,2011-08-09,sku85578,1
195,1,2011-08-09,sku17757,3
195,2,2011-08-09,sku21049,8
195,3,2011-08-09,sku24557,3
196,0,2011-08-10,sku66605,5
196,1,2011-08-10,sku28169,1
196,2,2011-08-10,sku52711,9
196,3,2011-08-10,sku7589,9
197,0,2011-08-11,sku30007,9
197,1,2011-08-11,sku78980,4
197,2,2011-08-11,sku37159,2
197,3,2011-08-11,sku38384,2
198,0,2011-08-12,sku50279,5
198,1,2011-08-12,sku76475,5
198,2,2011-08-12,sku58731,9
199,0,2011-08-13,sku13062,9
200,0,2011-08-13,sku5274,3
201,0,2011-08-17,sku93206,3
201,1,2011-08-17,sku5658,4
201,2,2011-08-17,sku13655,5
201,3,2011-08-17,sku22905,3
202,0,2011-08-17,sku60567,5
202,1,2011-08-17,sku60616,4
203,0,2011-08-17,sku4280,7
203,1,2011-08-17,sku6586,8
204,0,2011-08-19,sku54755,1
205,0,2011-08-20,sku55990,8
205,1,2011-08-20,sku9787,4
205,2,2011-08-20,sku79291,5
206,0,2011-08-20,sku96854,4
206,1,2011-08-20,sku76410,2
207,0,2011-08-21,sku2093,1
207,1,2011-08-21,sku14207,8
207,2,2011-08-21,sku2953,5
208,0,2011-08-22,sku14156,5
209,0,2011-08-22,sku50384,7
209,1,2011-08-22,sku87947,7
210,0,2011-08-23,sku28567,2
211,0,2011-08-24,sku52104,3
211,1,2011-08-24,sku54888,6
211,2,2011-08-24,sku65449,3
211,3,2011-08-24,sku88794,5
212,0,2011-08-29,sku96204,8
212,1,2011-08-29,sku91560,2
212,2,2011-08-29,sku80911,4
213,0,2011-08-29,sku64438,9
213,1,2011-08-29,sku26751,2
213,2,2011-08-29,sku72154,7
213,3,2011-08-29,sku70175,2
214,0,2011-08-31,sku59121,1
214,1,2011-08-31,sku44115,4
215,0,2011-09-01,sku3417,4
215,1,2011-09-01,sku95802,2
215,2,2011-09-01,sku8037,5
216,0,2011-09-01,sku99444,6
216,1,2011-09-01,sku23427,8
216,2,2011-09-01,sku76980,5
216,3,2011-09-01,sku66581,4
217,0,2011-09-02,sku90072,8
218,0,2011-09-02,sku83297,2
218,1,2011-09-02,sku56841,1
218,2,2011-09-02,sku24827,4
219,0,2011-09-03,sku81896,7
220,0,2011-09-04,sku33279,7
220,1,2011-09-04,sku92755,2
220,2,2011-09-04,sku51629,3
220,3,2011-09-04,sku41808,5
221,0,2011-09-06,sku54381,5
222,0,2011-09-08,sku32955,6
222,1,2011-09-08,sku77067,3
223,0,2011-09-08,sku8838,4
224,0,2011-09-10,sku37446,1
224,1,2011-09-10,sku25067,9
224,2,2011-09-10,sku41934,1
224,3,2011-09-10,sku2963,2
225,0,2011-09-11,sku36856,3
226,0,2011-09-11,sku7186,5
226,1,2011-09-11,sku29127,4
226,2,2011-09-11,sku85027,7
227,0,2011-09-12,sku23286,7
227,1,2011-09-12,sku55461,9
228,0,2011-09-12,sku56756,5
229,0,2011-09-13,sku84515,5
229,1,2011-09-13,sku98146,2
230,0,2011-09-16,sku48849,5
230,1,2011-09-16,sku16777,3
230,2,2011-09-16,sku63784,5
231,0,2011-09-17,sku21826,5
231,1,2011-09-17,sku23134,4
231,2,2011-09-17,sku44437,7
231,3,2011-09-17,sku37734,8
232,0,2011-09-20,sku4654,6
233,0,2011-09-21,sku4363,2
233,1,2011-09-21,sku95528,5
233,2,2011-09-21,sku8790,3
233,3,2011-09-21,sku88819,5
234,0,2011-09-21,sku50307,9
234,1,2011-09-21,sku57519,5
235,0,2011-09-24,sku27868,6
236,0,2011-09-25,sku39857,9
236,1,2011-09-25,sku46991,4
236,2,2011-09-25,sku26830,2
236,3,2011-09-25,sku54585,9
237,0,2011-09-25,sku59205,7
237,1,2011-09-25,sku41515,3
237,2,2011-09-25,sku6625,7
238,0,2011-09-25,sku85474,1
239,0,2011-09-25,sku84733,9
240,0,2011-09-26,sku18545,7
240,1,2011-09-26,sku20723,3
240,2,2011-09-26,sku6264,1
240,3,2011-09-26,sku67605,4
241,0,2011-09-27,sku45945,3
241,1,2011-09-27,sku63505,2
241,2,2011-09-27,sku53614,8
241,3,2011-09-27,sku57386,6
242,0,2011-09-27,sku11389,2
242,1,2011-09-27,sku24979,2
242,2,2011-09-27,sku97497,8
243,0,2011-09-27,sku28084,1
243,1,2011-09-27,sku95416,2
243,2,2011-09-27,sku60004,5
243,3,2011-09-27,sku95987,8
244,0,2011-09-29,sku28880,6
244,1,2011-09-29,sku20848,1
244,2,2011-09-29,sku18942,6
244,3,2011-09-29,sku43845,3
245,0,2011-09-29,sku25479,9
245,1,2011-09-29,sku40862,1
245,2,2011-09-29,sku68635,5
246,0,2011-09-30,sku17155,7
246,1,2011-09-30,sku96011,2
246,2,2011-09-30,sku17591,8
246,3,2011-09-30,sku22276,1
247,0,2011-10-01,sku12288,8
247,1,2011-10-01,sku52895,5
247,2,2011-10-01,sku76294,3
247,3,2011-10-01,sku96993,1
248,0,2011-10-01,sku1002,4
248,1,2011-10-01,sku42343,9
248,2,2011-10-01,sku12442,2
248,3,2011-10-01,sku51432,8
249,0,2011-10-03,sku58921,6
249,1,2011-10-03,sku35234,2
250,0,2011-10-03,sku80382,9
250,1,2011-10-03,sku18286,2
250,2,2011-10-03,sku48852,5
250,3,2011-10-03,sku30253,3
251,0,2011-10-04,sku4524,5
251,1,2011-10-04,sku6190,5
251,2,2011-10-04,sku82604,7
251,3,2011-10-04,sku94583,7
252,0,2011-10-05,sku93563,3
253,0,2011-10-08,sku10592,2
253,1,2011-10-08,sku85142,6
254,0,2011-10-09,sku33861,7
254,1,2011-10-09,sku8118,4
254,2,2011-10-09,sku90839,6
254,3,2011-10-09,sku55818,6
255,0,2011-10-11,sku15414,3
255,1,2011-10-11,sku62904,8
256,0,2011-10-14,sku96625,6
257,0,2011-10-15,sku45281,1
258,0,2011-10-15,sku92404,2
258,1,2011-10-15,sku88148,2
258,2,2011-10-15,sku99911,1
259,0,2011-10-16,sku90749,8
259,1,2011-10-16,sku74108,1
259,2,2011-10-16,sku37953,1
260,0,2011-10-16,sku24845,2
260,1,2011-10-16,sku94860,3
260,2,2011-10-16,sku68812,2
260,3,2011-10-16,sku43882,3
261,0,2011-10-17,sku42201,2
261,1,2011-10-17,sku49490,8
261,2,2011-10-17,sku90284,3
262,0,2011-10-17,sku92700,3
262,1,2011-10-17,sku7011,3
262,2,2011-10-17,sku28892,5
263,0,2011-10-17,sku47568,1
263,1,2011-10-17,sku30649,4
263,2,2011-10-17,sku95266,8
263,3,2011-10-17,sku72019,6
264,0,2011-10-18,sku66994,3
264,1,2011-10-18,sku43656,6
265,0,2011-10-19,sku26323,7
265,1,2011-10-19,sku91053,9
265,2,2011-10-19,sku93751,5
266,0,2011-10-21,sku93945,5
266,1,2011-10-21,sku0829,2
267,0,2011-10-21,sku86052,1
268,0,2011-10-22,sku48468,1
269,0,2011-10-22,sku60498,1
269,1,2011-10-22,sku44272,3
270,0,2011-10-23,sku74923,2
270,1,2011-10-23,sku79487,3
270,2,2011-10-23,sku62463,3
271,0,2011-10-25,sku7301,6
272,0,2011-10-26,sku16364,4
273,0,2011-10-26,sku8510,8
273,1,2011-10-26,sku31073,9
274,0,2011-10-26,sku11269,1
274,1,2011-10-26,sku43280,4
274,2,2011-10-26,sku58909,8
275,0,2011-10-26,sku11632,4
276,0,2011-10-28,sku81788,2
277,0,2011-10-28,sku83392,5
277,1,2011-10-28,sku36299,1
277,2,2011-10-28,sku62311,5
278,0,2011-10-28,sku96254,6
278,1,2011-10-28,sku62055,3
278,2,2011-10-28,sku9180,1
278,3,2011-10-28,sku29446,5
279,0,2011-10-28,sku76263,5
279,1,2011-10-28,sku80364,4
279,2,2011-10-28,sku43101,9
280,0,2011-10-29,sku53525,6
280,1,2011-10-29,sku70407,8
281,0,2011-10-29,sku88109,6
281,1,2011-10-29,sku23131,4
281,2,2011-10-29,sku64318,2
282,0,2011-10-29,sku36957,6
283,0,2011-10-30,sku4994,1
283,1,2011-10-30,sku7949,6
283,2,2011-10-30,sku60309,5
284,0,2011-10-31,sku66474,2
284,1,2011-10-31,sku33122,6
284,2,2011-10-31,sku34518,2
284,3,2011-10-31,sku43832,9
285,0,2011-10-31,sku7584,1
286,0,2011-11-01,sku23357,4
287,0,2011-11-01,sku48647,3
287,1,2011-11-01,sku90579,9
288,0,2011-11-03,sku35995,7
289,0,2011-11-04,sku21282,7
289,1,2011-11-04,sku43954,2
290,0,2011-11-05,sku72108,6
290,1,2011-11-05,sku53873,6
290,2,2011-11-05,sku86235,2
290,3,2011-11-05,sku2211,9
291,0,2011-11-06,sku35137,3
292,0,2011-11-07,sku91297,2
292,1,2011-11-07,sku59082,4
292,2,2011-11-07,sku4750,6
293,0,2011-11-08,sku94585,9
294,0,2011-11-09,sku25736,9
294,1,2011-11-09,sku15535,4
294,2,2011-11-09,sku64197,5
294,3,2011-11-09,sku7515,5
295,0,2011-11-09,sku48330,8
295,1,2011-11-09,sku28187,3
295,2,2011-11-09,sku38286,9
295,3,2011-11-09,sku85767,6
296,0,2011-11-09,sku91001,5
296,1,2011-11-09,sku61806,9
296,2,2011-11-09,sku78576,8
297,0,2011-11-10,sku36450,3
297,1,2011-11-10,sku76432,5
297,2,2011-11-10,sku67822,3
298,0,2011-11-11,sku2082,7
298,1,2011-11-11,sku73340,1
298,2,2011-11-11,sku17044,3
299,0,2011-11-12,sku47935,1
299,1,2011-11-12,sku47811,6
299,2,2011-11-12,sku0856,8
299,3,2011-11-12,sku0286,7
300,0,2011-11-12,sku2110,8
300,1,2011-11-12,sku44865,5
300,2,2011-11-12,sku93638,9
300,3,2011-11-12,sku60556,7
301,0,2011-11-13,sku88119,1
302,0,2011-11-13,sku56121,1
302,1,2011-11-13,sku67805,4
302,2,2011-11-13,sku75869,7
303,0,2011-11-13,sku86071,7
303,1,2011-11-13,sku46980,4
303,2,2011-11-13,sku7623,1
303,3,2011-11-13,sku20664,6
304,0,2011-11-14,sku35429,9
304,1,2011-11-14,sku0140,1
304,2,2011-11-14,sku89579,6
305,0,2011-11-15,sku35501,1
306,0,2011-11-15,sku48522,3
306,1,2011-11-15,sku49339,5
306,2,2011-11-15,sku48674,5
306,3,2011-11-15,sku43177,8
307,0,2011-11-15,sku28118,8
307,1,2011-11-15,sku1486,5
307,2,2011-11-15,sku6643,8
307,3,2011-11-15,sku49620,5
308,0,2011-11-16,sku9241,6
308,1,2011-11-16,sku47049,8
308,2,2011-11-16,sku10713,4
309,0,2011-11-17,sku3191,6
309,1,2011-11-17,sku8458,9
310,0,2011-11-19,sku14261,5
311,0,2011-11-20,sku59517,6
312,0,2011-11-20,sku56398,7
312,1,2011-11-20,sku23162,7
312,2,2011-11-20,sku7250,1
313,0,2011-11-22,sku63415,8
313,1,2011-11-22,sku32099,3
314,0,2011-11-24,sku40010,8
314,1,2011-11-24,sku77957,3
315,0,2011-11-25,sku56099,6
315,1,2011-11-25,sku40330,3
315,2,2011-11-25,sku75120,7
315,3,2011-11-25,sku3596,2
316,0,2011-11-27,sku4995,9
316,1,2011-11-27,sku50578,8
316,2,2011-11-27,sku58705,6
316,3,2011-11-27,sku18555,6
317,0,2011-11-27,sku63757,1
318,0,2011-11-30,sku0386,8
318,1,2011-11-30,sku63827,8
319,0,2011-12-01,sku26466,1
319,1,2011-12-01,sku94365,1
320,0,2011-12-02,sku5302,8
320,1,2011-12-02,sku80520,6
320,2,2011-12-02,sku33715,7
321,0,2011-12-02,sku37027,1
322,0,2011-12-03,sku10324,2
322,1,2011-12-03,sku88971,4
322,2,2011-12-03,sku80878,3
322,3,2011-12-03,sku20258,1
323,0,2011-12-06,sku61851,8
323,1,2011-12-06,sku97370,7
323,2,2011-12-06,sku87231,4
323,3,2011-12-06,sku80519,8
324,0,2011-12-08,sku45972,5
324,1,2011-12-08,sku47480,1
324,2,2011-12-08,sku89130,3
325,0,2011-12-10,sku44047,1
326,0,2011-12-12,sku64005,8
326,1,2011-12-12,sku7836,8
326,2,2011-12-12,sku69690,9
327,0,2011-12-12,sku4308,4
327,1,2011-12-12,sku25914,3
327,2,2011-12-12,sku32770,6
327,3,2011-12-12,sku28010,3
328,0,2011-12-17,sku55545,9
328,1,2011-12-17,sku86010,6
329,0,2011-12-18,sku74522,5
329,1,2011-12-18,sku94530,5
330,0,2011-12-18,sku56728,4
330,1,2011-12-18,sku52177,4
330,2,2011-12-18,sku19022,3
331,0,2011-12-19,sku71395,1
331,1,2011-12-19,sku35860,2
331,2,2011-12-19,sku4372,2
331,3,2011-12-19,sku85357,9
332,0,2011-12-19,sku76241,2
332,1,2011-12-19,sku83486,8
332,2,2011-12-19,sku64388,5
332,3,2011-12-19,sku72102,8
333,0,2011-12-20,sku26082,1
333,1,2011-12-20,sku57291,5
334,0,2011-12-22,sku80111,8
335,0,2011-12-22,sku38691,4
335,1,2011-12-22,sku83584,4
335,2,2011-12-22,sku74249,4
336,0,2011-12-23,sku89346,5
337,0,2011-12-23,sku88149,2
337,1,2011-12-23,sku49261,8
338,0,2011-12-23,sku48879,8
338,1,2011-12-23,sku59135,3
338,2,2011-12-23,sku72607,5
339,0,2011-12-24,sku23706,5
339,1,2011-12-24,sku86918,2
340,0,2011-12-24,sku27561,6
341,0,2011-12-25,sku5738,9
341,1,2011-12-25,sku34394,5
341,2,2011-12-25,sku47361,9
342,0,2011-12-26,sku96777,5
343,0,2011-12-26,sku82422,9
344,0,2011-12-29,sku32821,4
344,1,2011-12-29,sku64190,2
345,0,2011-12-29,sku59453,9
345,1,2011-12-29,sku38581,4
345,2,2011-12-29,sku64500,6
345,3,2011-12-29,sku19160,6
346,0,2011-12-30,sku43884,9
346,1,2011-12-30,sku94997,4
346,2,2011-12-30,sku94409,5
347,0,2011-12-30,sku85382,6
348,0,2011-12-30,sku89670,4
348,1,2011-12-30,sku19907,9
348,2,2011-12-30,sku56026,9
348,3,2011-12-30,sku79240,4
349,0,2011-12-31,sku32794,3
349,1,2011-12-31,sku35844,2
349,2,2011-12-31,sku10683,3
350,0,2012-01-02,sku50794,4
350,1,2012-01-02,sku58818,9
350,2,2012-01-02,sku80978,4
350,3,2012-01-02,sku96400,8
351,0,2012-01-05,sku79267,3
351,1,2012-01-05,sku51982,1
352,0,2012-01-05,sku55808,6
352,1,2012-01-05,sku75018,3
352,2,2012-01-05,sku79705,2
353,0,2012-01-06,sku84674,9
353,1,2012-01-06,sku73192,1
354,0,2012-01-06,sku51781,2
355,0,2012-01-08,sku56592,1
355,1,2012-01-08,sku70553,1
355,2,2012-01-08,sku35612,7
355,3,2012-01-08,sku83766,8
356,0,2012-01-09,sku7622,4
356,1,2012-01-09,sku60089,2
356,2,2012-01-09,sku12120,3
356,3,2012-01-09,sku68034,1
357,0,2012-01-11,sku96115,2
357,1,2012-01-11,sku93526,9
357,2,2012-01-11,sku76526,4
357,3,2012-01-11,sku81964,3
358,0,2012-01-11,sku44309,1
358,1,2012-01-11,sku47226,9
358,2,2012-01-11,sku82372,5
359,0,2012-01-11,sku79323,3
359,1,2012-01-11,sku92824,1
359,2,2012-01-11,sku55351,5
360,0,2012-01-12,sku38741,3
360,1,2012-01-12,sku82530,4
361,0,2012-01-12,sku61621,6
361,1,2012-01-12,sku79691,1
361,2,2012-01-12,sku94910,2
362,0,2012-01-13,sku12657,6
362,1,2012-01-13,sku58512,4
363,0,2012-01-14,sku75857,7
363,1,2012-01-14,sku70956,7
363,2,2012-01-14,sku95422,8
364,0,2012-01-14,sku30950,3
364,1,2012-01-14,sku48150,6
365,0,2012-01-17,sku44261,6
365,1,2012-01-17,sku92183,9
365,2,2012-01-17,sku56400,1
366,0,2012-01-18,sku11113,7
367,0,2012-01-19,sku18337,5
367,1,2012-01-19,sku92819,7
367,2,2012-01-19,sku27685,5
368,0,2012-01-19,sku69426,9
368,1,2012-01-19,sku25082,5
368,2,2012-01-19,sku84346,3
369,0,2012-01-21,sku64963,7
369,1,2012-01-21,sku9159,8
369,2,2012-01-21,sku81491,2
370,0,2012-01-23,sku2912,9
370,1,2012-01-23,sku84278,5
371,0,2012-01-25,sku75527,8
371,1,2012-01-25,sku82961,9
371,2,2012-01-25,sku53836,9
371,3,2012-01-25,sku55240,7
372,0,2012-01-26,sku33224,1
373,0,2012-01-27,sku98207,7
373,1,2012-01-27,sku85871,9
373,2,2012-01-27,sku37676,6
374,0,2012-01-27,sku16562,3
374,1,2012-01-27,sku77973,4
374,2,2012-01-27,sku82931,3
374,3,2012-01-27,sku21213,9
375,0,2012-01-27,sku59348,9
375,1,2012-01-27,sku76203,1
376,0,2012-01-29,sku31552,8
376,1,2012-01-29,sku36582,1
376,2,2012-01-29,sku66294,7
377,0,2012-01-29,sku83953,6
377,1,2012-01-29,sku29040,3
378,0,2012-01-30,sku97945,4
378,1,2012-01-30,sku30930,2
379,0,2012-01-30,sku84572,1
380,0,2012-01-30,sku7505,8
381,0,2012-01-30,sku71345,9
382,0,2012-02-02,sku94138,4
382,1,2012-02-02,sku2021,7
383,0,2012-02-04,sku76076,9
383,1,2012-02-04,sku1078,7
383,2,2012-02-04,sku64431,3
384,0,2012-02-04,sku28215,4
384,1,2012-02-04,sku97616,6
384,2,2012-02-04,sku98452,7
385,0,2012-02-06,sku68121,3
385,1,2012-02-06,sku94257,1
385,2,2012-02-06,sku83148,3
385,3,2012-02-06,sku49056,4
386,0,2012-02-07,sku94676,1
386,1,2012-02-07,sku77093,7
387,0,2012-02-08,sku57999,9
387,1,2012-02-08,sku0388,2
388,0,2012-02-09,sku24695,4
389,0,2012-02-09,sku11569,4
389,1,2012-02-09,sku58350,1
390,0,2012-02-12,sku88426,3
391,0,2012-02-13,sku63901,1
392,0,2012-02-14,sku35137,1
393,0,2012-02-17,sku83278,6
393,1,2012-02-17,sku52669,6
393,2,2012-02-17,sku8057,8
393,3,2012-02-17,sku4296,1
394,0,2012-02-18,sku69093,4
394,1,2012-02-18,sku94864,5
394,2,2012-02-18,sku2996,9
395,0,2012-02-19,sku21288,8
395,1,2012-02-19,sku80112,6
395,2,2012-02-19,sku21089,3
395,3,2012-02-19,sku16446,2
396,0,2012-02-21,sku11583,6
396,1,2012-02-21,sku72281,1
397,0,2012-02-21,sku50247,4
397,1,2012-02-21,sku97025,6
397,2,2012-02-21,sku69642,5
398,0,2012-02-22,sku90865,3
399,0,2012-02-22,sku79793,5
399,1,2012-02-22,sku38163,1
400,0,2012-02-28,sku85339,7
401,0,2012-02-29,sku66184,1
401,1,2012-02-29,sku26015,2
401,2,2012-02-29,sku34048,3
401,3,2012-02-29,sku78152,6
402,0,2012-02-29,sku58935,6
402,1,2012-02-29,sku52156,6
403,0,2012-03-04,sku18483,3
403,1,2012-03-04,sku26683,4
403,2,2012-03-04,sku13975,6
404,0,2012-03-05,sku81027,4
404,1,2012-03-05,sku95431,1
405,0,2012-03-05,sku49988,2
406,0,2012-03-06,sku18477,2
406,1,2012-03-06,sku37533,7
406,2,2012-03-06,sku40758,4
407,0,2012-03-06,sku82476,1
408,0,2012-03-07,sku73193,1
408,1,2012-03-07,sku25485,1
408,2,2012-03-07,sku77774,9
409,0,2012-03-08,sku94550,8
410,0,2012-03-08,sku34360,1
410,1,2012-03-08,sku39923,3
410,2,2012-03-08,sku25714,9
410,3,2012-03-08,sku39261,4
411,0,2012-03-10,sku55868,9
411,1,2012-03-10,sku28408,1
411,2,2012-03-10,sku17662,2
412,0,2012-03-10,sku40019,5
412,1,2012-03-10,sku54347,9
412,2,2012-03-10,sku25255,9
413,0,2012-03-10,sku49809,5
413,1,2012-03-10,sku79937,8
413,2,2012-03-10,sku20139,1
413,3,2012-03-10,sku73841,2
414,0,2012-03-10,sku88038,3
414,1,2012-03-10,sku44669,8
414,2,2012-03-10,sku56468,3
415,0,2012-03-11,sku72394,9
415,1,2012-03-11,sku66361,3
415,2,2012-03-11,sku14014,4
416,0,2012-03-12,sku18418,8
416,1,2012-03-12,sku98889,7
416,2,2012-03-12,sku64111,7
416,3,2012-03-12,sku65794,3
417,0,2012-03-12,sku65240,4
417,1,2012-03-12,sku58893,4
417,2,2012-03-12,sku59894,8
418,0,2012-03-12,sku1234,7
419,0,2012-03-13,sku29948,6
419,1,2012-03-13,sku38615,6
420,0,2012-03-13,sku29700,6
420,1,2012-03-13,sku27284,3
421,0,2012-03-14,sku8471,4
422,0,2012-03-15,sku67727,5
422,1,2012-03-15,sku31745,6
422,2,2012-03-15,sku8400,6
422,3,2012-03-15,sku72681,3
423,0,2012-03-18,sku30357,7
423,1,2012-03-18,sku31633,4
423,2,2012-03-18,sku38747,8
423,3,2012-03-18,sku94186,4
424,0,2012-03-19,sku50321,1
424,1,2012-03-19,sku59755,1
425,0,2012-03-20,sku33097,6
425,1,2012-03-20,sku0821,3
425,2,2012-03-20,sku3623,8
425,3,2012-03-20,sku0071,9
426,0,2012-03-20,sku94560,8
426,1,2012-03-20,sku87291,8
426,2,2012-03-20,sku19359,8
427,0,2012-03-21,sku36242,9
427,1,2012-03-21,sku82593,2
427,2,2012-03-21,sku48989,1
427,3,2012-03-21,sku88953,9
428,0,2012-03-21,sku45408,4
428,1,2012-03-21,sku71110,4
428,2,2012-03-21,sku45383,5
429,0,2012-03-21,sku90213,5
429,1,2012-03-21,sku2202,3
430,0,2012-03-22,sku89378,7
431,0,2012-03-23,sku93189,6
431,1,2012-03-23,sku0551,7
432,0,2012-03-24,sku54812,8
432,1,2012-03-24,sku8275,5
432,2,2012-03-24,sku55835,5
433,0,2012-03-24,sku29987,5
433,1,2012-03-24,sku42828,1
433,2,2012-03-24,sku49736,5
433,3,2012-03-24,sku7003,4
434,0,2012-03-24,sku69223,9
434,1,2012-03-24,sku61635,3
434,2,2012-03-24,sku94383,5
435,0,2012-03-26,sku72517,8
435,1,2012-03-26,sku32823,3
435,2,2012-03-26,sku55073,7
436,0,2012-03-27,sku65760,4
436,1,2012-03-27,sku12565,1
436,2,2012-03-27,sku81880,5
437,0,2012-03-27,sku98602,6
437,1,2012-03-27,sku5117,8
437,2,2012-03-27,sku45080,9
438,0,2012-03-29,sku43898,9
439,0,2012-04-01,sku9864,5
439,1,2012-04-01,sku20877,4
439,2,2012-04-01,sku92928,7
440,0,2012-04-01,sku39969,5
441,0,2012-04-02,sku36813,8
441,1,2012-04-02,sku30871,2
442,0,2012-04-04,sku0002,1
442,1,2012-04-04,sku20290,2
442,2,2012-04-04,sku68151,8
442,3,2012-04-04,sku82085,6
443,0,2012-04-05,sku25081,7
443,1,2012-04-05,sku12630,2
444,0,2012-04-07,sku55237,6
444,1,2012-04-07,sku1723,8
445,0,2012-04-08,sku75444,3
446,0,2012-04-10,sku85247,7
446,1,2012-04-10,sku16479,9
446,2,2012-04-10,sku41378,3
446,3,2012-04-10,sku61701,7
447,0,2012-04-10,sku59608,4
447,1,2012-04-10,sku86750,6
448,0,2012-04-11,sku79219,9
448,1,2012-04-11,sku30069,7
448,2,2012-04-11,sku89281,7
448,3,2012-04-11,sku10259,4
449,0,2012-04-13,sku79788,7
449,1,2012-04-13,sku96583,2
449,2,2012-04-13,sku67581,2
449,3,2012-04-13,sku74888,3
450,0,2012-04-15,sku30466,4
451,0,2012-04-15,sku88081,6
452,0,2012-04-15,sku39858,7
452,1,2012-04-15,sku64967,8
452,2,2012-04-15,sku28512,5
452,3,2012-04-15,sku9660,1
453,0,2012-04-16,sku14953,9
453,1,2012-04-16,sku22719,6
453,2,2012-04-16,sku56982,6
453,3,2012-04-16,sku48674,1
454,0,2012-04-16,sku69174,6
455,0,2012-04-21,sku53315,3
456,0,2012-04-26,sku56611,5
456,1,2012-04-26,sku76707,5
456,2,2012-04-26,sku45922,1
457,0,2012-04-27,sku75449,8
457,1,2012-04-27,sku66660,6
458,0,2012-04-27,sku97818,6
459,0,2012-04-29,sku16432,2
459,1,2012-04-29,sku97852,5
459,2,2012-04-29,sku65687,7
460,0,2012-04-29,sku31998,2
460,1,2012-04-29,sku76450,6
461,0,2012-04-29,sku87434,5
461,1,2012-04-29,sku10967,5
461,2,2012-04-29,sku76166,1
461,3,2012-04-29,sku41659,2
462,0,2012-04-30,sku46737,9
462,1,2012-04-30,sku93356,2
463,0,2012-04-30,sku24151,6
464,0,2012-04-30,sku35543,9
464,1,2012-04-30,sku27600,5
465,0,2012-05-01,sku53011,4
465,1,2012-05-01,sku53651,7
465,2,2012-05-01,sku72362,9
465,3,2012-05-01,sku60862,5
466,0,2012-05-03,sku91079,6
466,1,2012-05-03,sku8841,3
466,2,2012-05-03,sku7606,4
466,3,2012-05-03,sku48932,8
467,0,2012-05-06,sku16091,5
467,1,2012-05-06,sku50314,7
468,0,2012-05-06,sku82818,4
468,1,2012-05-06,sku22149,3
469,0,2012-05-06,sku73979,4
470,0,2012-05-07,sku74516,1
470,1,2012-05-07,sku25714,5
470,2,2012-05-07,sku19412,3
470,3,2012-05-07,sku14766,6
471,0,2012-05-08,sku49744,3
471,1,2012-05-08,sku59199,2
471,2,2012-05-08,sku13502,1
471,3,2012-05-08,sku89442,6
472,0,2012-05-08,sku55358,4
472,1,2012-05-08,sku74482,2
472,2,2012-05-08,sku79060,6
473,0,2012-05-09,sku64491,1
473,1,2012-05-09,sku57306,1
474,0,2012-05-10,sku10455,8
474,1,2012-05-10,sku33310,5
474,2,2012-05-10,sku55440,5
474,3,2012-05-10,sku36809,2
475,0,2012-05-11,sku26235,7
475,1,2012-05-11,sku19132,2
476,0,2012-05-15,sku46792,9
476,1,2012-05-15,sku33186,2
477,0,2012-05-17,sku20060,3
477,1,2012-05-17,sku89049,8
477,2,2012-05-17,sku99239,5
478,0,2012-05-17,sku19339,8
479,0,2012-05-18,sku75523,9
479,1,2012-05-18,sku63284,5
479,2,2012-05-18,sku38735,7
479,3,2012-05-18,sku91950,1
480,0,2012-05-20,sku76613,7
480,1,2012-05-20,sku56799,2
480,2,2012-05-20,sku75209,6
480,3,2012-05-20,sku11803,9
481,0,2012-05-20,sku68313,1
481,1,2012-05-20,sku2951,7
481,2,2012-05-20,sku93281,7
482,0,2012-05-22,sku93863,4
483,0,2012-05-22,sku54355,1
483,1,2012-05-22,sku83680,9
483,2,2012-05-22,sku0372,1
483,3,2012-05-22,sku30554,4
484,0,2012-05-22,sku47629,2
484,1,2012-05-22,sku24255,2
484,2,2012-05-22,sku88970,5
484,3,2012-05-22,sku13726,8
485,0,2012-05-23,sku92328,8
485,1,2012-05-23,sku83904,8
486,0,2012-05-24,sku93075,3
486,1,2012-05-24,sku88617,4
486,2,2012-05-24,sku40665,9
487,0,2012-05-24,sku50951,2
487,1,2012-05-24,sku44130,4
487,2,2012-05-24,sku52551,3
488,0,2012-05-25,sku19797,1
488,1,2012-05-25,sku64498,3
488,2,2012-05-25,sku88826,3
489,0,2012-05-25,sku89611,9
489,1,2012-05-25,sku60057,6
489,2,2012-05-25,sku1064,7
489,3,2012-05-25,sku64917,7
490,0,2012-05-26,sku68721,4
490,1,2012-05-26,sku68099,8
490,2,2012-05-26,sku79425,8
490,3,2012-05-26,sku97955,6
491,0,2012-05-26,sku64327,5
491,1,2012-05-26,sku6978,9
491,2,2012-05-26,sku66032,5
492,0,2012-05-26,sku38227,6
492,1,2012-05-26,sku6784,3
493,0,2012-05-27,sku82482,6
493,1,2012-05-27,sku52012,5
493,2,2012-05-27,sku54377,9
494,0,2012-05-28,sku54889,1
494,1,2012-05-28,sku46893,1
494,2,2012-05-28,sku76909,1
495,0,2012-05-29,sku81303,4
495,1,2012-05-29,sku67976,4
495,2,2012-05-29,sku88702,4
495,3,2012-05-29,sku3757,8
496,0,2012-05-29,sku11510,2
497,0,2012-05-30,sku68325,3
498,0,2012-05-30,sku49594,3
498,1,2012-05-30,sku18756,6
498,2,2012-05-30,sku38468,3
498,3,2012-05-30,sku87601,6
499,0,2012-05-31,sku77087,8
499,1,2012-05-31,sku6531,5
499,2,2012-05-31,sku52325,3
499,3,2012-05-31,sku42345,8
500,0,2012-05-31,sku51365,4
500,1,2012-05-31,sku7146,4
500,2,2012-05-31,sku23992,6
500,3,2012-05-31,sku74112,5
501,0,2012-05-31,sku61443,1
501,1,2012-05-31,sku22428,8
502,0,2012-06-01,sku27971,1
503,0,2012-06-01,sku34092,6
503,1,2012-06-01,sku2004,1
503,2,2012-06-01,sku63830,5
503,3,2012-06-01,sku44498,9
504,0,2012-06-02,sku87824,6
505,0,2012-06-03,sku73985,8
506,0,2012-06-03,sku99575,9
506,1,2012-06-03,sku60128,7
507,0,2012-06-04,sku74753,3
508,0,2012-06-06,sku77815,2
509,0,2012-06-06,sku33486,7
510,0,2012-06-06,sku92923,8
510,1,2012-06-06,sku44079,5
511,0,2012-06-07,sku43618,8
511,1,2012-06-07,sku82368,9
511,2,2012-06-07,sku6614,4
512,0,2012-06-07,sku72831,4
512,1,2012-06-07,sku78232,3
512,2,2012-06-07,sku10660,9
513,0,2012-06-08,sku74684,2
513,1,2012-06-08,sku3439,1
514,0,2012-06-08,sku95306,1
514,1,2012-06-08,sku15673,3
515,0,2012-06-08,sku22175,9
515,1,2012-06-08,sku47316,3
515,2,2012-06-08,sku45144,4
516,0,2012-06-09,sku86046,8
516,1,2012-06-09,sku81065,3
517,0,2012-06-10,sku81332,3
517,1,2012-06-10,sku70014,8
518,0,2012-06-11,sku42709,5
518,1,2012-06-11,sku37111,7
518,2,2012-06-11,sku32807,6
518,3,2012-06-11,sku55209,1
519,0,2012-06-12,sku17228,4
520,0,2012-06-13,sku77702,1
521,0,2012-06-13,sku97861,1
521,1,2012-06-13,sku84425,9
521,2,2012-06-13,sku95736,1
522,0,2012-06-13,sku83907,8
522,1,2012-06-13,sku46073,4
522,2,2012-06-13,sku76370,1
523,0,2012-06-13,sku52656,5
523,1,2012-06-13,sku55999,4
523,2,2012-06-13,sku74460,6
524,0,2012-06-15,sku43075,2
524,1,2012-06-15,sku38753,8
524,2,2012-06-15,sku58074,6
525,0,2012-06-15,sku86773,2
526,0,2012-06-15,sku44753,5
526,1,2012-06-15,sku27713,2
526,2,2012-06-15,sku17152,4
527,0,2012-06-15,sku97577,6
528,0,2012-06-16,sku91046,5
528,1,2012-06-16,sku56325,4
529,0,2012-06-17,sku86552,3
530,0,2012-06-20,sku88463,3
530,1,2012-06-20,sku89235,8
531,0,2012-06-20,sku72248,7
532,0,2012-06-20,sku71449,1
532,1,2012-06-20,sku37355,9
532,2,2012-06-20,sku88867,2
532,3,2012-06-20,sku80102,6
533,0,2012-06-21,sku28100,2
533,1,2012-06-21,sku64419,4
534,0,2012-06-22,sku44075,3
534,1,2012-06-22,sku56273,9
535,0,2012-06-23,sku36166,5
535,1,2012-06-23,sku82541,4
535,2,2012-06-23,sku33156,4
536,0,2012-06-23,sku30231,4
537,0,2012-06-24,sku35792,1
537,1,2012-06-24,sku0245,5
538,0,2012-06-26,sku87795,2
539,0,2012-06-26,sku93005,6
539,1,2012-06-26,sku41546,4
539,2,2012-06-26,sku41877,1
540,0,2012-06-28,sku13952,2
540,1,2012-06-28,sku76819,1
540,2,2012-06-28,sku46956,1
541,0,2012-06-29,sku29349,1
541,1,2012-06-29,sku26515,2
542,0,2012-07-02,sku33237,4
542,1,2012-07-02,sku30453,9
543,0,2012-07-02,sku27647,1
544,0,2012-07-03,sku46872,2
544,1,2012-07-03,sku17239,4
545,0,2012-07-03,sku11177,9
545,1,2012-07-03,sku2208,7
546,0,2012-07-05,sku37210,4
546,1,2012-07-05,sku97377,3
547,0,2012-07-06,sku32794,4
547,1,2012-07-06,sku21623,3
547,2,2012-07-06,sku13191,2
547,3,2012-07-06,sku60291,3
548,0,2012-07-07,sku85186,1
548,1,2012-07-07,sku27638,5
548,2,2012-07-07,sku62745,2
549,0,2012-07-07,sku92284,2
550,0,2012-07-08,sku37373,7
550,1,2012-07-08,sku84618,2
551,0,2012-07-10,sku76050,6
551,1,2012-07-10,sku47613,1
551,2,2012-07-10,sku9676,1
552,0,2012-07-11,sku56032,4
553,0,2012-07-11,sku95364,3
553,1,2012-07-11,sku48326,3
554,0,2012-07-12,sku9587,1
554,1,2012-07-12,sku10872,1
555,0,2012-07-13,sku45323,7
555,1,2012-07-13,sku74664,4
555,2,2012-07-13,sku50216,2
555,3,2012-07-13,sku5258,2
556,0,2012-07-14,sku77037,7
556,1,2012-07-14,sku15397,7
556,2,2012-07-14,sku51228,4
556,3,2012-07-14,sku36666,9
557,0,2012-07-14,sku50684,8
557,1,2012-07-14,sku85828,1
557,2,2012-07-14,sku71351,6
557,3,2012-07-14,sku93980,7
558,0,2012-07-15,sku78459,1
558,1,2012-07-15,sku82164,9
558,2,2012-07-15,sku90623,4
559,0,2012-07-17,sku81122,2
560,0,2012-07-17,sku1511,3
560,1,2012-07-17,sku27990,2
560,2,2012-07-17,sku18721,6
561,0,2012-07-21,sku75907,6
562,0,2012-07-23,sku68576,5
562,1,2012-07-23,sku73054,3
562,2,2012-07-23,sku14556,6
563,0,2012-07-23,sku24196,8
563,1,2012-07-23,sku39982,4
563,2,2012-07-23,sku80465,8
563,3,2012-07-23,sku63225,3
564,0,2012-07-26,sku42080,1
564,1,2012-07-26,sku70468,4
564,2,2012-07-26,sku97833,5
564,3,2012-07-26,sku33249,4
565,0,2012-07-27,sku81113,7
566,0,2012-07-28,sku79713,4
567,0,2012-07-28,sku51341,4
567,1,2012-07-28,sku66907,9
567,2,2012-07-28,sku55817,3
568,0,2012-07-30,sku24837,8
568,1,2012-07-30,sku80534,7
568,2,2012-07-30,sku34105,8
568,3,2012-07-30,sku65835,1
569,0,2012-07-31,sku14500,7
569,1,2012-07-31,sku77391,6
569,2,2012-07-31,sku68470,3
570,0,2012-07-31,sku2661,5
571,0,2012-08-02,sku93545,5
571,1,2012-08-02,sku67373,3
571,2,2012-08-02,sku13943,3
572,0,2012-08-02,sku69831,6
572,1,2012-08-02,sku15592,6
573,0,2012-08-02,sku54818,9
573,1,2012-08-02,sku68374,3
573,2,2012-08-02,sku86089,8
573,3,2012-08-02,sku4576,7
574,0,2012-08-03,sku51616,2
574,1,2012-08-03,sku14807,3
574,2,2012-08-03,sku67733,7
574,3,2012-08-03,sku70519,7
575,0,2012-08-03,sku27969,6
575,1,2012-08-03,sku5300,6
576,0,2012-08-05,sku79706,2
576,1,2012-08-05,sku21869,5
576,2,2012-08-05,sku32442,6
577,0,2012-08-05,sku27761,1
577,1,2012-08-05,sku24615,2
577,2,2012-08-05,sku33645,7
577,3,2012-08-05,sku48037,5
578,0,2012-08-06,sku42849,1
578,1,2012-08-06,sku11434,3
578,2,2012-08-06,sku65271,8
578,3,2012-08-06,sku75112,1
579,0,2012-08-06,sku61987,2
580,0,2012-08-07,sku8698,4
581,0,2012-08-10,sku22777,4
581,1,2012-08-10,sku64393,5
581,2,2012-08-10,sku57698,5
582,0,2012-08-10,sku23419,1
582,1,2012-08-10,sku17303,9
582,2,2012-08-10,sku5190,4
582,3,2012-08-10,sku69504,7
583,0,2012-08-13,sku0151,3
583,1,2012-08-13,sku53965,2
583,2,2012-08-13,sku97520,8
583,3,2012-08-13,sku7514,5
584,0,2012-08-17,sku79861,4
585,0,2012-08-17,sku5815,1
586,0,2012-08-18,sku9202,1
586,1,2012-08-18,sku59297,1
586,2,2012-08-18,sku64426,3
587,0,2012-08-19,sku74628,4
588,0,2012-08-20,sku56247,3
589,0,2012-08-20,sku24631,7
589,1,2012-08-20,sku75323,4
589,2,2012-08-20,sku8280,1
590,0,2012-08-21,sku82340,2
591,0,2012-08-22,sku27930,9
591,1,2012-08-22,sku24965,6
592,0,2012-08-23,sku61312,8
592,1,2012-08-23,sku38602,7
592,2,2012-08-23,sku91655,3
592,3,2012-08-23,sku9084,1
593,0,2012-08-25,sku90632,4
593,1,2012-08-25,sku21126,2
594,0,2012-08-25,sku58534,7
595,0,2012-08-26,sku78769,8
596,0,2012-08-26,sku26957,1
596,1,2012-08-26,sku10663,7
597,0,2012-08-26,sku55833,4
597,1,2012-08-26,sku5725,4
597,2,2012-08-26,sku91845,9
598,0,2012-08-27,sku98453,1
598,1,2012-08-27,sku88508,4
598,2,2012-08-27,sku30781,6
599,0,2012-08-27,sku96192,5
599,1,2012-08-27,sku99721,4
599,2,2012-08-27,sku80467,6
599,3,2012-08-27,sku3683,7
600,0,2012-08-28,sku19878,6
600,1,2012-08-28,sku8160,1
601,0,2012-08-31,sku93863,7
601,1,2012-08-31,sku58446,8
602,0,2012-08-31,sku29164,2
602,1,2012-08-31,sku22773,6
603,0,2012-09-02,sku80756,3
604,0,2012-09-02,sku51206,3
604,1,2012-09-02,sku0890,9
604,2,2012-09-02,sku48260,4
604,3,2012-09-02,sku67875,5
605,0,2012-09-02,sku65492,6
605,1,2012-09-02,sku34753,4
605,2,2012-09-02,sku37346,1
606,0,2012-09-04,sku84859,3
606,1,2012-09-04,sku86893,2
606,2,2012-09-04,sku86468,6
607,0,2012-09-04,sku57424,8
608,0,2012-09-04,sku36801,3
608,1,2012-09-04,sku27424,4
608,2,2012-09-04,sku11676,8
609,0,2012-09-04,sku10350,6
609,1,2012-09-04,sku37949,7
609,2,2012-09-04,sku8823,2
610,0,2012-09-05,sku40673,2
610,1,2012-09-05,sku77192,2
611,0,2012-09-05,sku36278,6
611,1,2012-09-05,sku7430,3
611,2,2012-09-05,sku98967,7
611,3,2012-09-05,sku77881,7
612,0,2012-09-05,sku87079,2
612,1,2012-09-05,sku45631,5
613,0,2012-09-05,sku70367,4
613,1,2012-09-05,sku90559,8
614,0,2012-09-06,sku16484,1
614,1,2012-09-06,sku58057,1
614,2,2012-09-06,sku94574,9
614,3,2012-09-06,sku27766,2
615,0,2012-09-07,sku52730,6
616,0,2012-09-09,sku86628,1
616,1,2012-09-09,sku51714,2
616,2,2012-09-09,sku45772,3
617,0,2012-09-12,sku23546,2
617,1,2012-09-12,sku31144,4
618,0,2012-09-13,sku70424,6
618,1,2012-09-13,sku22299,9
618,2,2012-09-13,sku7798,1
619,0,2012-09-14,sku55615,7
620,0,2012-09-15,sku48591,6
620,1,2012-09-15,sku47402,8
620,2,2012-09-15,sku76335,3
621,0,2012-09-15,sku42322,8
622,0,2012-09-16,sku34905,9
623,0,2012-09-18,sku71012,7
624,0,2012-09-18,sku45533,6
624,1,2012-09-18,sku30231,4
624,2,2012-09-18,sku90149,8
625,0,2012-09-18,sku84057,9
625,1,2012-09-18,sku17080,3
625,2,2012-09-18,sku73691,4
626,0,2012-09-19,sku83985,3
627,0,2012-09-23,sku45795,6
627,1,2012-09-23,sku32424,1
627,2,2012-09-23,sku65665,4
628,0,2012-09-24,sku68152,1
628,1,2012-09-24,sku53658,2
628,2,2012-09-24,sku39801,4
628,3,2012-09-24,sku98652,6
629,0,2012-09-24,sku9268,6
630,0,2012-09-24,sku92662,8
631,0,2012-09-25,sku22416,1
631,1,2012-09-25,sku83669,5
631,2,2012-09-25,sku93366,7
631,3,2012-09-25,sku79710,5
632,0,2012-09-28,sku90377,6
632,1,2012-09-28,sku43745,4
632,2,2012-09-28,sku39998,7
633,0,2012-09-29,sku24195,9
633,1,2012-09-29,sku75943,7
633,2,2012-09-29,sku93433,8
633,3,2012-09-29,sku1174,1
634,0,2012-09-30,sku85753,6
634,1,2012-09-30,sku53008,7
634,2,2012-09-30,sku65820,4
634,3,2012-09-30,sku5173,1
635,0,2012-10-02,sku20367,4
635,1,2012-10-02,sku79365,5
636,0,2012-10-04,sku32402,1
636,1,2012-10-04,sku78672,5
636,2,2012-10-04,sku95048,5
636,3,2012-10-04,sku67163,7
637,0,2012-10-04,sku12587,4
637,1,2012-10-04,sku34829,7
638,0,2012-10-04,sku6915,1
638,1,2012-10-04,sku62610,1
638,2,2012-10-04,sku80360,8
639,0,2012-10-04,sku27806,2
639,1,2012-10-04,sku49976,6
639,2,2012-10-04,sku4384,9
640,0,2012-10-10,sku8100,1
640,1,2012-10-10,sku78724,1
641,0,2012-10-10,sku93325,9
641,1,2012-10-10,sku69868,2
641,2,2012-10-10,sku87036,6
641,3,2012-10-10,sku4333,8
642,0,2012-10-11,sku68742,3
642,1,2012-10-11,sku32473,4
642,2,2012-10-11,sku30023,4
642,3,2012-10-11,sku6891,9
643,0,2012-10-12,sku97839,1
643,1,2012-10-12,sku13122,5
643,2,2012-10-12,sku77940,4
644,0,2012-10-12,sku63545,6
645,0,2012-10-13,sku49618,5
645,1,2012-10-13,sku17632,9
645,2,2012-10-13,sku48463,2
645,3,2012-10-13,sku7823,1
646,0,2012-10-13,sku36754,1
646,1,2012-10-13,sku22182,6
647,0,2012-10-14,sku61136,2
648,0,2012-10-14,sku91078,4
648,1,2012-10-14,sku13746,3
648,2,2012-10-14,sku48840,7
649,0,2012-10-15,sku6317,4
650,0,2012-10-17,sku0053,6
651,0,2012-10-18,sku69373,3
652,0,2012-10-19,sku79597,8
653,0,2012-10-19,sku42225,9
654,0,2012-10-20,sku73768,6
654,1,2012-10-20,sku67487,9
655,0,2012-10-20,sku72311,1
655,1,2012-10-20,sku74139,4
655,2,2012-10-20,sku23476,3
655,3,2012-10-20,sku32630,6
656,0,2012-10-21,sku84186,4
656,1,2012-10-21,sku71809,7
656,2,2012-10-21,sku60668,9
657,0,2012-10-21,sku7708,6
657,1,2012-10-21,sku89709,9
657,2,2012-10-21,sku64197,7
658,0,2012-10-23,sku81888,9
658,1,2012-10-23,sku81979,6
658,2,2012-10-23,sku6499,1
659,0,2012-10-23,sku65430,4
659,1,2012-10-23,sku83961,9
660,0,2012-10-24,sku42489,5
660,1,2012-10-24,sku72381,1
661,0,2012-10-25,sku68743,9
661,1,2012-10-25,sku93948,4
662,0,2012-10-26,sku1993,5
662,1,2012-10-26,sku59869,2
663,0,2012-10-29,sku27199,5
663,1,2012-10-29,sku11972,8
663,2,2012-10-29,sku54903,9
663,3,2012-10-29,sku18254,6
664,0,2012-10-30,sku74724,2
665,0,2012-10-31,sku70799,4
665,1,2012-10-31,sku74231,7
665,2,2012-10-31,sku54517,1
666,0,2012-10-31,sku77890,4
667,0,2012-11-03,sku45386,4
667,1,2012-11-03,sku91664,1
667,2,2012-11-03,sku89336,3
668,0,2012-11-04,sku75619,4
669,0,2012-11-05,sku99467,3
669,1,2012-11-05,sku94422,8
669,2,2012-11-05,sku13165,2
669,3,2012-11-05,sku66035,8
670,0,2012-11-05,sku34018,7
670,1,2012-11-05,sku79916,5
670,2,2012-11-05,sku97877,4
670,3,2012-11-05,sku49493,3
671,0,2012-11-06,sku17114,9
672,0,2012-11-07,sku55469,7
672,1,2012-11-07,sku75543,9
672,2,2012-11-07,sku90708,1
672,3,2012-11-07,sku50966,4
673,0,2012-11-12,sku92132,7
673,1,2012-11-12,sku90729,7
673,2,2012-11-12,sku14642,7
674,0,2012-11-13,sku99150,1
674,1,2012-11-13,sku23674,3
674,2,2012-11-13,sku41426,6
674,3,2012-11-13,sku65924,3
675,0,2012-11-13,sku71662,7
675,1,2012-11-13,sku80407,9
676,0,2012-11-14,sku61645,7
676,1,2012-11-14,sku72879,5
676,2,2012-11-14,sku53694,9
677,0,2012-11-23,sku85902,8
678,0,2012-11-24,sku35389,2
678,1,2012-11-24,sku22652,2
678,2,2012-11-24,sku86292,5
678,3,2012-11-24,sku87807,7
679,0,2012-11-24,sku29249,7
679,1,2012-11-24,sku57307,2
680,0,2012-11-24,sku76426,7
680,1,2012-11-24,sku12064,7
681,0,2012-11-25,sku19505,7
681,1,2012-11-25,sku95374,1
681,2,2012-11-25,sku29787,9
681,3,2012-11-25,sku4350,7
682,0,2012-11-26,sku35186,3
682,1,2012-11-26,sku33031,3
682,2,2012-11-26,sku2461,8
682,3,2012-11-26,sku45430,1
683,0,2012-11-26,sku88399,2
683,1,2012-11-26,sku65395,1
683,2,2012-11-26,sku35001,5
684,0,2012-11-26,sku6160,9
684,1,2012-11-26,sku40692,3
684,2,2012-11-26,sku70363,1
684,3,2012-11-26,sku22615,8
685,0,2012-11-26,sku29962,2
685,1,2012-11-26,sku82764,5
686,0,2012-11-27,sku11160,7
687,0,2012-11-29,sku21598,4
688,0,2012-11-29,sku93658,5
688,1,2012-11-29,sku84756,1
688,2,2012-11-29,sku61600,4
688,3,2012-11-29,sku33158,6
689,0,2012-11-30,sku90943,4
689,1,2012-11-30,sku12655,5
689,2,2012-11-30,sku17584,3
690,0,2012-12-01,sku40054,6
691,0,2012-12-01,sku78717,2
692,0,2012-12-02,sku41795,9
692,1,2012-12-02,sku64471,5
692,2,2012-12-02,sku84325,6
692,3,2012-12-02,sku39185,8
693,0,2012-12-02,sku91631,8
693,1,2012-12-02,sku55424,5
693,2,2012-12-02,sku25756,7
694,0,2012-12-02,sku37911,2
695,0,2012-12-07,sku9732,2
696,0,2012-12-07,sku69893,1
696,1,2012-12-07,sku78969,9
696,2,2012-12-07,sku52570,3
696,3,2012-12-07,sku74456,3
697,0,2012-12-08,sku38226,6
698,0,2012-12-09,sku56501,1
698,1,2012-12-09,sku91888,9
698,2,2012-12-09,sku90299,5
699,0,2012-12-09,sku68379,4
699,1,2012-12-09,sku5103,4
700,0,2012-12-09,sku28952,2
700,1,2012-12-09,sku85287,4
700,2,2012-12-09,sku56206,6
701,0,2012-12-10,sku63852,8
701,1,2012-12-10,sku5357,7
701,2,2012-12-10,sku68700,6
701,3,2012-12-10,sku57160,1
702,0,2012-12-10,sku16310,8
703,0,2012-12-11,sku67556,2
704,0,2012-12-12,sku49725,3
704,1,2012-12-12,sku60009,1
704,2,2012-12-12,sku85228,3
704,3,2012-12-12,sku86146,8
705,0,2012-12-13,sku26791,1
705,1,2012-12-13,sku57763,2
705,2,2012-12-13,sku1913,8
706,0,2012-12-13,sku60908,1
707,0,2012-12-15,sku49873,4
707,1,2012-12-15,sku19756,4
707,2,2012-12-15,sku65290,5
708,0,2012-12-18,sku41609,6
709,0,2012-12-18,sku86353,9
709,1,2012-12-18,sku58429,5
710,0,2012-12-20,sku60118,2
710,1,2012-12-20,sku30845,8
710,2,2012-12-20,sku30069,7
710,3,2012-12-20,sku53802,3
711,0,2012-12-20,sku7006,6
711,1,2012-12-20,sku26831,6
711,2,2012-12-20,sku78783,9
712,0,2012-12-21,sku11365,2
712,1,2012-12-21,sku38880,2
712,2,2012-12-21,sku73155,3
713,0,2012-12-22,sku95989,6
713,1,2012-12-22,sku29871,9
713,2,2012-12-22,sku6466,4
713,3,2012-12-22,sku67413,3
714,0,2012-12-22,sku80730,7
715,0,2012-12-24,sku84833,9
715,1,2012-12-24,sku97184,4
715,2,2012-12-24,sku79732,8
716,0,2012-12-24,sku51454,3
716,1,2012-12-24,sku31828,2
716,2,2012-12-24,sku57394,6
716,3,2012-12-24,sku69790,1
717,0,2012-12-24,sku34745,8
717,1,2012-12-24,sku13764,5
717,2,2012-12-24,sku81906,9
717,3,2012-12-24,sku84864,5
718,0,2012-12-26,sku44509,1
719,0,2012-12-27,sku22092,2
719,1,2012-12-27,sku33343,3
719,2,2012-12-27,sku93924,6
720,0,2012-12-28,sku4452,9
720,1,2012-12-28,sku16719,8
721,0,2012-12-29,sku64417,6
721,1,2012-12-29,sku13254,2
721,2,2012-12-29,sku74946,5
721,3,2012-12-29,sku52887,1
722,0,2012-12-29,sku48896,7
722,1,2012-12-29,sku99818,7
722,2,2012-12-29,sku94062,6
723,0,2012-12-29,sku34767,6
724,0,2012-12-29,sku59958,7
725,0,2012-12-29,sku35809,9
725,1,2012-12-29,sku16622,2
726,0,2012-12-30,sku92229,1
726,1,2012-12-30,sku41042,5
726,2,2012-12-30,sku22753,8
727,0,2012-12-30,sku84385,3
727,1,2012-12-30,sku81934,5
728,0,2012-12-31,sku34798,5
728,1,2012-12-31,sku18468,2
728,2,2012-12-31,sku64430,8
728,3,2012-12-31,sku34377,5
729,0,2012-12-31,sku84406,1
730,0,2013-01-01,sku12202,7
731,0,2013-01-01,sku5711,2
731,1,2013-01-01,sku83398,5
732,0,2013-01-01,sku1192,1
732,1,2013-01-01,sku86316,6
732,2,2013-01-01,sku36219,1
732,3,2013-01-01,sku53946,3
733,0,2013-01-02,sku89111,2
733,1,2013-01-02,sku45482,8
733,2,2013-01-02,sku60548,8
734,0,2013-01-04,sku34941,8
735,0,2013-01-05,sku80901,9
735,1,2013-01-05,sku27125,4
735,2,2013-01-05,sku93483,4
736,0,2013-01-05,sku25065,1
737,0,2013-01-06,sku17485,6
737,1,2013-01-06,sku74840,9
737,2,2013-01-06,sku89387,6
737,3,2013-01-06,sku17759,7
738,0,2013-01-06,sku86769,9
738,1,2013-01-06,sku35371,1
738,2,2013-01-06,sku84190,1
739,0,2013-01-08,sku78798,6
739,1,2013-01-08,sku42979,1
739,2,2013-01-08,sku93417,1
740,0,2013-01-11,sku14103,7
740,1,2013-01-11,sku73960,6
741,0,2013-01-11,sku22746,7
742,0,2013-01-12,sku48268,3
742,1,2013-01-12,sku31616,9
742,2,2013-01-12,sku84502,8
742,3,2013-01-12,sku95812,7
743,0,2013-01-12,sku93940,1
743,1,2013-01-12,sku41266,9
743,2,2013-01-12,sku89036,9
743,3,2013-01-12,sku13408,6
744,0,2013-01-15,sku66919,3
744,1,2013-01-15,sku51294,8
744,2,2013-01-15,sku39557,8
744,3,2013-01-15,sku21154,5
745,0,2013-01-16,sku27907,4
745,1,2013-01-16,sku32277,2
745,2,2013-01-16,sku63439,6
746,0,2013-01-17,sku39506,9
746,1,2013-01-17,sku12607,2
746,2,2013-01-17,sku5397,8
747,0,2013-01-19,sku44084,3
748,0,2013-01-19,sku36383,8
749,0,2013-01-20,sku41502,6
749,1,2013-01-20,sku3694,3
749,2,2013-01-20,sku29810,6
750,0,2013-01-21,sku15869,4
751,0,2013-01-23,sku5253,6
751,1,2013-01-23,sku91980,2
751,2,2013-01-23,sku77002,2
752,0,2013-01-28,sku32778,7
752,1,2013-01-28,sku79307,7
752,2,2013-01-28,sku44669,7
752,3,2013-01-28,sku24625,8
753,0,2013-01-29,sku39799,5
753,1,2013-01-29,sku93635,7
754,0,2013-01-30,sku37648,7
754,1,2013-01-30,sku51127,7
754,2,2013-01-30,sku33457,7
754,3,2013-01-30,sku1850,1
755,0,2013-02-01,sku22047,3
755,1,2013-02-01,sku5306,5
756,0,2013-02-02,sku18143,3
756,1,2013-02-02,sku51600,4
757,0,2013-02-03,sku29974,7
758,0,2013-02-03,sku34114,2
758,1,2013-02-03,sku2443,4
758,2,2013-02-03,sku46303,3
759,0,2013-02-05,sku69872,7
759,1,2013-02-05,sku40361,8
759,2,2013-02-05,sku63217,4
759,3,2013-02-05,sku3439,1
760,0,2013-02-06,sku19128,4
760,1,2013-02-06,sku52201,1
761,0,2013-02-06,sku35429,8
761,1,2013-02-06,sku55287,3
761,2,2013-02-06,sku30824,5
761,3,2013-02-06,sku71942,1
762,0,2013-02-07,sku66267,4
763,0,2013-02-08,sku7648,8
764,0,2013-02-08,sku77124,9
764,1,2013-02-08,sku63078,6
764,2,2013-02-08,sku24723,6
765,0,2013-02-10,sku45699,3
766,0,2013-02-11,sku26771,2
766,1,2013-02-11,sku23193,8
766,2,2013-02-11,sku29837,1
766,3,2013-02-11,sku4146,3
767,0,2013-02-12,sku40594,3
768,0,2013-02-14,sku8122,3
768,1,2013-02-14,sku88293,2
768,2,2013-02-14,sku67148,4
769,0,2013-02-15,sku74823,2
770,0,2013-02-18,sku50926,8
770,1,2013-02-18,sku80850,7
770,2,2013-02-18,sku89584,9
771,0,2013-02-18,sku77941,4
772,0,2013-02-19,sku5222,6
772,1,2013-02-19,sku92934,1
772,2,2013-02-19,sku83046,2
772,3,2013-02-19,sku77668,9
773,0,2013-02-20,sku92800,1
773,1,2013-02-20,sku79782,1
774,0,2013-02-20,sku80218,2
774,1,2013-02-20,sku34799,8
775,0,2013-02-21,sku67716,9
776,0,2013-02-22,sku32951,1
776,1,2013-02-22,sku59662,6
776,2,2013-02-22,sku77369,2
777,0,2013-02-24,sku56211,6
777,1,2013-02-24,sku51330,6
778,0,2013-02-25,sku29642,2
778,1,2013-02-25,sku17214,2
779,0,2013-02-25,sku55377,7
780,0,2013-02-25,sku25200,1
780,1,2013-02-25,sku37362,6
780,2,2013-02-25,sku26271,1
781,0,2013-02-26,sku19873,6
781,1,2013-02-26,sku46372,7
781,2,2013-02-26,sku23294,6
782,0,2013-02-26,sku1698,9
782,1,2013-02-26,sku46412,3
782,2,2013-02-26,sku68643,2
782,3,2013-02-26,sku63974,6
783,0,2013-02-27,sku72325,7
783,1,2013-02-27,sku1878,5
783,2,2013-02-27,sku93510,3
784,0,2013-02-27,sku64154,3
784,1,2013-02-27,sku28739,7
784,2,2013-02-27,sku64049,6
784,3,2013-02-27,sku64821,4
785,0,2013-02-28,sku88603,8
785,1,2013-02-28,sku43623,7
785,2,2013-02-28,sku82834,4
785,3,2013-02-28,sku60235,1
786,0,2013-02-28,sku44630,4
786,1,2013-02-28,sku1140,4
786,2,2013-02-28,sku37271,8
787,0,2013-02-28,sku42796,6
787,1,2013-02-28,sku35022,7
787,2,2013-02-28,sku97901,6
788,0,2013-03-01,sku17567,6
789,0,2013-03-02,sku40541,8
789,1,2013-03-02,sku19097,6
789,2,2013-03-02,sku76790,3
790,0,2013-03-04,sku31846,9
790,1,2013-03-04,sku19852,6
790,2,2013-03-04,sku49028,7
790,3,2013-03-04,sku16910,1
791,0,2013-03-05,sku59210,4
791,1,2013-03-05,sku99132,5
791,2,2013-03-05,sku40108,6
791,3,2013-03-05,sku86797,5
792,0,2013-03-06,sku63808,6
792,1,2013-03-06,sku96258,3
793,0,2013-03-08,sku63670,5
794,0,2013-03-10,sku35702,9
795,0,2013-03-11,sku68587,9
795,1,2013-03-11,sku3747,8
796,0,2013-03-15,sku19164,6
797,0,2013-03-17,sku11606,8
798,0,2013-03-17,sku7049,2
798,1,2013-03-17,sku0836,1
799,0,2013-03-20,sku50337,1
799,1,2013-03-20,sku56123,7
799,2,2013-03-20,sku46554,1
800,0,2013-03-20,sku56856,5
800,1,2013-03-20,sku34535,9
800,2,2013-03-20,sku40843,3
801,0,2013-03-21,sku29226,7
801,1,2013-03-21,sku16130,4
801,2,2013-03-21,sku46728,6
802,0,2013-03-21,sku13951,7
802,1,2013-03-21,sku20892,9
802,2,2013-03-21,sku44530,4
802,3,2013-03-21,sku41932,3
803,0,2013-03-21,sku4295,6
804,0,2013-03-22,sku12299,1
804,1,2013-03-22,sku83493,1
805,0,2013-03-23,sku44756,5
805,1,2013-03-23,sku11041,4
805,2,2013-03-23,sku81242,6
805,3,2013-03-23,sku56130,6
806,0,2013-03-24,sku96511,6
806,1,2013-03-24,sku71109,5
806,2,2013-03-24,sku80359,2
807,0,2013-03-25,sku21636,2
807,1,2013-03-25,sku92791,5
807,2,2013-03-25,sku94273,8
807,3,2013-03-25,sku36436,6
808,0,2013-03-26,sku58060,3
809,0,2013-03-26,sku23395,1
809,1,2013-03-26,sku40233,9
810,0,2013-03-27,sku48556,7
811,0,2013-03-27,sku60916,6
811,1,2013-03-27,sku75681,8
811,2,2013-03-27,sku23032,5
811,3,2013-03-27,sku62798,8
812,0,2013-03-27,sku91510,8
813,0,2013-03-28,sku30820,7
813,1,2013-03-28,sku76848,6
814,0,2013-03-28,sku38862,7
814,1,2013-03-28,sku9345,8
815,0,2013-03-30,sku42948,7
815,1,2013-03-30,sku30910,7
816,0,2013-03-30,sku32120,5
816,1,2013-03-30,sku51114,7
816,2,2013-03-30,sku93331,5
816,3,2013-03-30,sku38596,9
817,0,2013-04-05,sku37012,2
817,1,2013-04-05,sku70053,3
817,2,2013-04-05,sku96089,3
818,0,2013-04-05,sku11105,7
818,1,2013-04-05,sku44249,3
818,2,2013-04-05,sku93118,1
819,0,2013-04-09,sku98636,2
820,0,2013-04-10,sku8596,4
820,1,2013-04-10,sku56216,5
820,2,2013-04-10,sku7822,6
820,3,2013-04-10,sku57861,4
821,0,2013-04-10,sku93874,6
822,0,2013-04-10,sku3263,8
822,1,2013-04-10,sku17769,1
822,2,2013-04-10,sku7693,9
823,0,2013-04-11,sku34196,5
823,1,2013-04-11,sku55603,7
823,2,2013-04-11,sku88776,2
823,3,2013-04-11,sku4913,9
824,0,2013-04-13,sku66758,3
825,0,2013-04-13,sku3011,9
825,1,2013-04-13,sku10541,3
826,0,2013-04-14,sku47471,8
827,0,2013-04-15,sku24192,5
827,1,2013-04-15,sku85029,7
827,2,2013-04-15,sku59529,3
827,3,2013-04-15,sku55272,9
828,0,2013-04-15,sku32771,4
828,1,2013-04-15,sku66521,8
828,2,2013-04-15,sku3021,5
829,0,2013-04-16,sku81686,6
829,1,2013-04-16,sku40458,2
829,2,2013-04-16,sku94275,6
829,3,2013-04-16,sku83117,8
830,0,2013-04-16,sku37581,2
830,1,2013-04-16,sku60497,9
830,2,2013-04-16,sku72257,1
831,0,2013-04-18,sku35874,7
831,1,2013-04-18,sku16534,8
831,2,2013-04-18,sku7090,3
831,3,2013-04-18,sku36693,2
832,0,2013-04-18,sku75991,2
832,1,2013-04-18,sku6228,1
833,0,2013-04-18,sku95659,8
833,1,2013-04-18,sku5379,8
833,2,2013-04-18,sku76314,4
834,0,2013-04-19,sku7327,8
834,1,2013-04-19,sku27876,6
834,2,2013-04-19,sku30178,8
835,0,2013-04-20,sku9896,8
835,1,2013-04-20,sku64035,9
836,0,2013-04-21,sku21720,5
836,1,2013-04-21,sku70958,3
837,0,2013-04-21,sku95880,1
837,1,2013-04-21,sku27399,7
838,0,2013-04-22,sku12356,7
839,0,2013-04-23,sku33062,8
839,1,2013-04-23,sku26252,7
839,2,2013-04-23,sku27463,8
839,3,2013-04-23,sku84279,8
840,0,2013-04-23,sku38774,6
841,0,2013-04-24,sku79912,5
841,1,2013-04-24,sku14964,5
841,2,2013-04-24,sku55692,2
841,3,2013-04-24,sku57124,1
842,0,2013-04-25,sku2188,5
843,0,2013-04-25,sku79810,1
844,0,2013-04-26,sku78610,7
844,1,2013-04-26,sku65784,7
844,2,2013-04-26,sku62905,2
845,0,2013-04-27,sku40400,8
845,1,2013-04-27,sku21443,9
845,2,2013-04-27,sku9036,2
845,3,2013-04-27,sku86369,6
846,0,2013-04-28,sku4545,6
846,1,2013-04-28,sku54020,5
846,2,2013-04-28,sku96878,6
847,0,2013-04-29,sku14204,2
847,1,2013-04-29,sku94454,5
847,2,2013-04-29,sku38253,8
847,3,2013-04-29,sku44126,5
848,0,2013-04-29,sku67813,2
849,0,2013-05-01,sku2712,5
850,0,2013-05-02,sku61273,2
850,1,2013-05-02,sku99434,3
851,0,2013-05-04,sku20006,8
851,1,2013-05-04,sku46261,2
852,0,2013-05-04,sku26577,2
852,1,2013-05-04,sku2505,2
852,2,2013-05-04,sku7050,8
852,3,2013-05-04,sku4820,7
853,0,2013-05-04,sku30303,2
853,1,2013-05-04,sku1540,3
853,2,2013-05-04,sku13960,9
853,3,2013-05-04,sku93543,1
854,0,2013-05-05,sku99679,3
855,0,2013-05-05,sku23589,8
855,1,2013-05-05,sku20646,1
855,2,2013-05-05,sku64663,2
856,0,2013-05-06,sku61245,7
856,1,2013-05-06,sku17692,5
856,2,2013-05-06,sku24057,1
857,0,2013-05-06,sku51448,9
857,1,2013-05-06,sku87127,3
857,2,2013-05-06,sku92274,3
857,3,2013-05-06,sku23970,9
858,0,2013-05-06,sku55535,3
858,1,2013-05-06,sku86436,8
858,2,2013-05-06,sku40580,7
859,0,2013-05-08,sku93834,9
859,1,2013-05-08,sku2759,8
860,0,2013-05-09,sku48095,4
860,1,2013-05-09,sku85511,3
860,2,2013-05-09,sku40527,3
861,0,2013-05-10,sku97727,3
862,0,2013-05-11,sku34916,7
862,1,2013-05-11,sku84011,3
863,0,2013-05-11,sku91446,5
864,0,2013-05-12,sku38792,2
864,1,2013-05-12,sku98054,5
864,2,2013-05-12,sku8811,8
865,0,2013-05-13,sku41944,3
865,1,2013-05-13,sku56359,1
865,2,2013-05-13,sku54957,9
866,0,2013-05-14,sku59613,1
866,1,2013-05-14,sku15653,3
867,0,2013-05-15,sku59606,5
868,0,2013-05-15,sku53954,9
869,0,2013-05-16,sku43010,8
870,0,2013-05-17,sku49853,7
871,0,2013-05-18,sku72070,1
872,0,2013-05-18,sku41067,7
873,0,2013-05-18,sku72774,9
873,1,2013-05-18,sku32274,6
874,0,2013-05-20,sku66708,8
874,1,2013-05-20,sku9053,4
875,0,2013-05-21,sku20735,2
876,0,2013-05-22,sku83657,5
876,1,2013-05-22,sku14772,9
876,2,2013-05-22,sku24229,1
876,3,2013-05-22,sku91565,7
877,0,2013-05-22,sku93867,5
877,1,2013-05-22,sku42521,7
878,0,2013-05-23,sku37533,8
878,1,2013-05-23,sku79223,8
878,2,2013-05-23,sku44160,4
878,3,2013-05-23,sku73619,5
879,0,2013-05-25,sku20198,6
880,0,2013-05-25,sku43750,6
880,1,2013-05-25,sku58399,2
880,2,2013-05-25,sku87669,5
881,0,2013-05-26,sku49635,3
881,1,2013-05-26,sku78823,4
882,0,2013-05-26,sku21388,4
882,1,2013-05-26,sku59619,9
882,2,2013-05-26,sku11337,2
882,3,2013-05-26,sku39251,3
883,0,2013-05-26,sku6951,2
884,0,2013-05-26,sku70609,4
884,1,2013-05-26,sku11330,6
885,0,2013-05-27,sku94174,2
885,1,2013-05-27,sku49059,7
886,0,2013-05-28,sku49327,1
886,1,2013-05-28,sku53151,8
886,2,2013-05-28,sku61431,8
887,0,2013-05-28,sku22775,2
887,1,2013-05-28,sku90422,7
887,2,2013-05-28,sku91725,6
888,0,2013-05-29,sku56962,4
888,1,2013-05-29,sku43034,1
888,2,2013-05-29,sku54766,7
889,0,2013-05-30,sku78374,3
889,1,2013-05-30,sku61215,9
890,0,2013-06-01,sku69584,9
890,1,2013-06-01,sku48267,4
890,2,2013-06-01,sku33842,4
890,3,2013-06-01,sku63212,6
891,0,2013-06-02,sku46375,7
891,1,2013-06-02,sku18356,8
891,2,2013-06-02,sku29667,1
892,0,2013-06-02,sku92114,3
893,0,2013-06-03,sku35010,7
893,1,2013-06-03,sku36314,5
893,2,2013-06-03,sku75541,4
894,0,2013-06-05,sku29062,6
894,1,2013-06-05,sku76910,2
894,2,2013-06-05,sku89850,4
895,0,2013-06-06,sku50201,2
895,1,2013-06-06,sku17254,1
895,2,2013-06-06,sku55946,8
896,0,2013-06-06,sku6701,2
896,1,2013-06-06,sku21018,8
896,2,2013-06-06,sku63183,7
897,0,2013-06-06,sku89576,1
898,0,2013-06-06,sku78955,8
898,1,2013-06-06,sku82977,8
899,0,2013-06-06,sku80515,4
899,1,2013-06-06,sku45442,1
899,2,2013-06-06,sku65854,2
899,3,2013-06-06,sku58777,5
900,0,2013-06-09,sku86792,9
900,1,2013-06-09,sku45945,1
900,2,2013-06-09,sku8249,5
901,0,2013-06-12,sku26277,7
901,1,2013-06-12,sku57831,2
901,2,2013-06-12,sku87528,5
902,0,2013-06-13,sku23472,4
902,1,2013-06-13,sku82479,1
902,2,2013-06-13,sku65149,9
903,0,2013-06-14,sku98497,9
903,1,2013-06-14,sku56220,9
903,2,2013-06-14,sku49732,8
904,0,2013-06-16,sku82599,4
904,1,2013-06-16,sku3538,2
904,2,2013-06-16,sku54661,5
905,0,2013-06-18,sku74234,6
905,1,2013-06-18,sku99444,9
905,2,2013-06-18,sku26630,1
906,0,2013-06-18,sku42902,6
906,1,2013-06-18,sku89912,8
906,2,2013-06-18,sku77425,5
907,0,2013-06-19,sku95822,7
907,1,2013-06-19,sku86400,2
908,0,2013-06-20,sku70722,5
908,1,2013-06-20,sku16374,7
909,0,2013-06-21,sku31636,8
909,1,2013-06-21,sku34101,6
909,2,2013-06-21,sku50165,8
910,0,2013-06-21,sku39391,4
910,1,2013-06-21,sku0805,7
910,2,2013-06-21,sku25958,8
910,3,2013-06-21,sku92987,4
911,0,2013-06-23,sku64867,3
911,1,2013-06-23,sku95305,8
911,2,2013-06-23,sku39545,8
912,0,2013-06-25,sku52155,4
912,1,2013-06-25,sku17229,7
912,2,2013-06-25,sku64108,5
913,0,2013-06-25,sku9152,9
914,0,2013-06-27,sku0143,1
915,0,2013-06-27,sku42148,1
915,1,2013-06-27,sku36412,7
915,2,2013-06-27,sku54548,7
916,0,2013-06-27,sku31744,5
916,1,2013-06-27,sku8569,1
916,2,2013-06-27,sku73128,7
916,3,2013-06-27,sku22955,1
917,0,2013-06-27,sku66038,6
917,1,2013-06-27,sku80313,8
917,2,2013-06-27,sku28008,7
917,3,2013-06-27,sku75514,8
918,0,2013-06-27,sku1756,3
919,0,2013-06-30,sku5278,9
920,0,2013-06-30,sku41371,7
921,0,2013-07-03,sku17823,7
921,1,2013-07-03,sku13369,2
922,0,2013-07-05,sku77867,7
923,0,2013-07-06,sku50203,6
923,1,2013-07-06,sku51673,1
923,2,2013-07-06,sku57189,8
923,3,2013-07-06,sku30483,4
924,0,2013-07-07,sku56366,7
924,1,2013-07-07,sku81912,5
925,0,2013-07-07,sku12040,9
926,0,2013-07-07,sku4097,5
926,1,2013-07-07,sku81471,4
926,2,2013-07-07,sku82299,5
927,0,2013-07-08,sku74127,3
928,0,2013-07-08,sku18302,6
928,1,2013-07-08,sku80054,7
929,0,2013-07-09,sku43572,7
929,1,2013-07-09,sku25540,1
929,2,2013-07-09,sku65844,9
930,0,2013-07-11,sku97848,7
930,1,2013-07-11,sku58538,5
930,2,2013-07-11,sku73064,6
930,3,2013-07-11,sku86054,5
931,0,2013-07-12,sku81847,1
931,1,2013-07-12,sku66739,8
931,2,2013-07-12,sku28930,1
931,3,2013-07-12,sku58418,6
932,0,2013-07-14,sku71550,3
932,1,2013-07-14,sku48449,7
932,2,2013-07-14,sku13934,8
933,0,2013-07-14,sku60890,7
934,0,2013-07-14,sku92096,5
934,1,2013-07-14,sku94748,2
935,0,2013-07-15,sku39739,4
935,1,2013-07-15,sku2708,9
936,0,2013-07-19,sku93850,1
936,1,2013-07-19,sku0369,1
937,0,2013-07-21,sku26192,1
937,1,2013-07-21,sku5589,1
938,0,2013-07-23,sku75775,3
938,1,2013-07-23,sku27727,6
939,0,2013-07-23,sku59011,5
939,1,2013-07-23,sku20563,2
939,2,2013-07-23,sku16442,5
939,3,2013-07-23,sku3942,4
940,0,2013-07-24,sku69902,6
940,1,2013-07-24,sku76892,1
941,0,2013-07-26,sku20021,4
941,1,2013-07-26,sku69984,3
941,2,2013-07-26,sku86299,5
941,3,2013-07-26,sku37994,7
942,0,2013-07-26,sku96694,2
943,0,2013-07-26,sku6642,7
943,1,2013-07-26,sku31053,8
944,0,2013-07-29,sku73049,4
944,1,2013-07-29,sku92773,7
945,0,2013-07-31,sku29309,5
946,0,2013-08-01,sku3094,3
946,1,2013-08-01,sku80259,5
947,0,2013-08-02,sku34815,2
947,1,2013-08-02,sku63507,1
947,2,2013-08-02,sku44506,3
948,0,2013-08-03,sku59503,8
948,1,2013-08-03,sku71499,2
948,2,2013-08-03,sku54078,3
948,3,2013-08-03,sku95162,4
949,0,2013-08-03,sku54233,7
949,1,2013-08-03,sku89498,5
949,2,2013-08-03,sku68994,2
950,0,2013-08-03,sku54129,4
951,0,2013-08-04,sku70269,7
951,1,2013-08-04,sku44558,4
952,0,2013-08-04,sku9234,8
952,1,2013-08-04,sku15516,8
953,0,2013-08-06,sku48758,8
954,0,2013-08-07,sku23418,3
954,1,2013-08-07,sku79226,5
955,0,2013-08-07,sku92444,4
955,1,2013-08-07,sku20761,9
955,2,2013-08-07,sku96548,2
956,0,2013-08-08,sku30702,9
956,1,2013-08-08,sku98565,4
956,2,2013-08-08,sku84191,9
956,3,2013-08-08,sku68645,1
957,0,2013-08-09,sku29384,7
958,0,2013-08-09,sku78445,8
958,1,2013-08-09,sku36146,7
958,2,2013-08-09,sku94328,4
959,0,2013-08-11,sku61768,4
959,1,2013-08-11,sku25631,1
960,0,2013-08-11,sku55733,4
961,0,2013-08-15,sku85248,8
961,1,2013-08-15,sku49544,1
961,2,2013-08-15,sku20980,8
961,3,2013-08-15,sku23685,3
962,0,2013-08-16,sku67623,8
962,1,2013-08-16,sku89098,4
963,0,2013-08-18,sku50224,4
963,1,2013-08-18,sku70464,9
964,0,2013-08-22,sku58985,7
964,1,2013-08-22,sku56854,4
964,2,2013-08-22,sku89345,6
965,0,2013-08-24,sku17482,3
965,1,2013-08-24,sku60593,7
966,0,2013-08-26,sku50265,6
966,1,2013-08-26,sku18815,5
967,0,2013-08-26,sku3389,7
967,1,2013-08-26,sku31399,8
967,2,2013-08-26,sku88645,5
967,3,2013-08-26,sku21941,3
968,0,2013-08-27,sku49285,4
969,0,2013-08-28,sku79093,9
969,1,2013-08-28,sku57238,3
969,2,2013-08-28,sku91285,2
969,3,2013-08-28,sku92134,7
970,0,2013-08-28,sku32999,4
971,0,2013-08-30,sku9666,3
971,1,2013-08-30,sku31425,4
971,2,2013-08-30,sku25510,4
971,3,2013-08-30,sku12811,9
972,0,2013-08-31,sku38800,4
973,0,2013-08-31,sku41720,6
974,0,2013-09-01,sku21360,2
974,1,2013-09-01,sku22840,8
974,2,2013-09-01,sku46198,2
975,0,2013-09-04,sku60156,9
975,1,2013-09-04,sku90274,6
975,2,2013-09-04,sku78406,6
975,3,2013-09-04,sku6292,3
976,0,2013-09-08,sku84097,6
976,1,2013-09-08,sku7419,4
976,2,2013-09-08,sku92303,8
976,3,2013-09-08,sku6157,6
977,0,2013-09-08,sku37845,1
977,1,2013-09-08,sku22824,3
977,2,2013-09-08,sku1426,6
977,3,2013-09-08,sku2601,2
978,0,2013-09-08,sku49449,5
978,1,2013-09-08,sku37290,8
978,2,2013-09-08,sku26618,1
979,0,2013-09-08,sku87056,2
979,1,2013-09-08,sku73326,8
980,0,2013-09-09,sku53121,9
981,0,2013-09-09,sku98804,8
982,0,2013-09-10,sku30592,8
982,1,2013-09-10,sku78702,5
982,2,2013-09-10,sku11854,3
982,3,2013-09-10,sku36556,4
983,0,2013-09-11,sku76310,6
984,0,2013-09-19,sku87837,9
985,0,2013-09-22,sku79205,1
986,0,2013-09-22,sku23537,4
986,1,2013-09-22,sku53209,7
986,2,2013-09-22,sku32220,6
986,3,2013-09-22,sku89996,8
987,0,2013-09-24,sku84430,9
987,1,2013-09-24,sku10539,6
987,2,2013-09-24,sku50051,3
988,0,2013-09-24,sku24340,3
989,0,2013-09-25,sku55373,7
989,1,2013-09-25,sku20990,7
989,2,2013-09-25,sku18223,7
989,3,2013-09-25,sku10730,8
990,0,2013-09-26,sku88059,9
